,dolvol_126,est_peg,ni_inc8q,roll_spread,est_pe_ftm,float_shares_chg,capex_abn,amihud,skew_21,f_score,beta_smb,rd_me,ap_beta5,free_float_ratio,capm_beta,ret_6_0,ret_36_13,ap_beta2,pb_chg_12,size,turnover_20_ff_neutral,reversal_20,rvol_252,close_vwap_dev,ap_beta1,momentum_12_1,size2,prc_high_252,amihud_vwap,turn_std_21,ivol,rd_at,sale_inv,turnover_20_ff,sale_rec,ap_beta4,amihud_neutral,ope_be,saleq_su,ps_liq_beta,ret_12_7,beta_hml,ret_6_1,ap_beta3,rd_sale,age,ret_2_1,qmj_prof,niq_su,ocf_ni,ff3_betas,zero_trades_252,ret_3_1,rvol_21,pi_nix,netmargin,ret_9_1,volatility_30,gp_at,debt_me,ebit_sale,taccruals_ni,turnover_20_neutral,fcf_me,high_low_range,turnover_20,ni_be,oaccruals_at,rmax5_21,amihud_zero_adj,ep_lsy,dsale_drec,ocf_at,ocf_debt,cs_spread,pe_ttm,sale_gr1,ev_ebitda,niq_at,pe1,ep,cfp,rmax1_21,dsale_dinv,ev2_neutral,at_gr1,overnight_ret,tax_gr1a,be_gr1a,debt_gr1,cash_at,dsale_dsga,netdebt_me,ni_gr1,dividend_yield,cash_gr1a,sale_at,ps_gamma,sp,capx_gr1a,caliq_cl,inv_gr1a,ca_cl,rec_gr1a,lev,bm,capx_at,amihud_zero_adj_neutral,ps_ttm,pb,noa_at,debtlt_gr1a
dolvol_126,1.0,0.07054124737978151,0.13432393924599212,0.12379522548840789,0.01461217633741919,0.0071993453629624424,0.12426884021528226,-0.8942689309852674,0.0662393876320496,0.057750480937455606,-0.218347588840131,-0.06455547765089532,-0.38611831599279595,0.09551017923773973,0.20444152360751514,0.13977382047842715,0.152002490091748,-0.40813560938003546,0.16183494435567286,0.6551166526832618,0.5137090056548527,-0.036182260999125776,0.29558651942356706,-0.13210331542751957,0.12178252009973342,0.2552177876531392,0.6445192035289177,-0.007378004565808303,-0.8677359103873333,-0.1463858586326827,0.2935586962575386,-0.026755777884589788,0.09504448486732675,0.24134029258384754,-0.16903676187401837,0.33247411091625684,-0.30887846726417,-0.03521678591035706,0.030273679929264344,0.04366243359409818,0.13412483097530653,-0.1351840088700351,0.15814765297997713,-0.016866919858565466,0.183968818487679,0.18915519640072942,0.00568842546492936,0.024067195871939836,0.024760151796380064,-0.04127767050898136,0.20636423456103026,-0.051943369832247205,0.035909610057107876,0.2112800862727413,-0.027037939615797507,-0.07884358695580203,0.22954355424612882,0.2278449297280215,-0.005431874384830333,-0.09618840266566651,-0.08409795627843819,0.0289092493018249,0.6286073570710355,-0.031168333947240317,0.20138636142718144,0.21650348759095664,-0.02798814998318327,0.02963015090293534,0.17926854300971928,-0.6048286355185399,0.09341941778181961,0.052645391091053144,-0.035129079917922044,0.0017678777301333656,0.1178330155665236,-0.039557683913123094,0.052236602483442744,0.031802900903462474,-0.015323632634770372,-0.012394356526148956,0.040664363016341326,-0.09731499302141756,0.15688436935676128,0.05186570067048878,0.1660847093412611,0.14065023650728933,-0.06881359594542263,0.00852495032626412,0.13904643441790365,0.09598069493501932,0.03700132701311685,0.028060230196038247,-0.07115775170639399,-0.04079060685251378,-0.10869700720910014,0.04505550438297958,-0.007999623728622974,0.0857935880878464,-0.04648797467684291,0.030322099105987967,0.09622946230861834,0.020820099995065334,0.09206761575580921,0.03103725704266641,0.02722813150750486,-0.1700362358277431,0.02346293602534545,-0.2639471826894329,0.04649432938874365,0.16972394807419575,-0.026632038400221707,-0.025250722730606537
est_peg,0.07054124737978151,1.0,0.2564562252561608,0.02169930464598621,0.30095609068885737,-0.010179244188898647,0.03016215570161087,-0.07787435668503084,0.047031544288072685,0.11436037335515295,-0.09108236992056051,-0.16648525622109236,-0.04669868542812728,-0.04628533080487229,-0.06005131854410222,0.24482831137473177,0.05190997595711894,-0.047122511129625615,0.18723874236486945,0.15807090975123153,0.06675306564184674,0.1284174041261721,-0.027397420343816908,0.05251497384085664,-0.09387644967734028,0.21908676497597268,0.09109395804830205,0.26520011885879824,-0.09961685208610262,-0.033265478885446724,0.019741300238933977,0.059971086632945744,-0.00854132439796191,0.0018580394317509559,-0.0011076609150780386,0.018448869546971936,0.09308188794156104,0.11525396617680318,0.13359807607520838,0.0008201976010814373,0.09508918971090102,-0.10848450237697897,0.2078599141586549,0.058951481899349185,0.05820426663637367,-0.04700886352534137,0.111288733818648,0.23503102156985461,0.19475076933300928,0.0218716163653613,-0.08179799181852648,-0.007798405613924736,0.1535779904986757,0.018060160829174995,0.0016009909998252092,0.1047960746542093,0.21780655529053278,0.013426158615855914,0.15589118668993393,-0.2148045474864305,0.08990903716087685,-0.03125593211919839,0.08023665181333181,0.11493693261527711,0.03848179029055071,-0.016911812185882828,0.11720146992733463,-0.02677576923312313,0.0709814516271976,0.0646091905275594,0.10321498284355164,0.10471845515342829,0.1565176378366383,0.1739254624090427,0.05914245181579527,0.028584121378378763,0.1078516662889578,0.11250312857693406,0.19096413931020267,0.049575203995363366,-0.02462436826207013,-0.018260320916186883,0.04869602632292436,0.10810405245037023,0.004992137007532702,0.04545612687905996,0.01607440651185694,0.1713457028198301,0.11669261513469464,0.02017754596926789,0.10601896408800278,0.048065309284482605,-0.2086276794165777,0.10119512013200274,-0.039140794074689685,0.03975692760636678,0.038213267507446955,0.018470174788120224,-0.19509767946939982,0.02206195174621525,0.12149826700698667,-0.006358707664164948,0.12269978732716898,0.03186069780775281,-0.17108435752797904,-0.2148081537821041,-0.0409925203009178,0.1662675634433086,0.19508849330155043,0.2148762497175964,-0.037705960771953255,-0.040984005714945454
ni_inc8q,0.13432393924599212,0.2564562252561608,1.0,0.016253994834963544,-0.044924755615190444,0.060344427886002805,0.007694053674771381,-0.1500629202894309,0.04804075566968655,0.19676940579996854,-0.12496552387138811,-0.06474080104671896,-0.04190520315152298,-0.0326695705429059,-0.0392212923506231,0.20003176896608443,0.08826499092682126,-0.032979785419549004,0.15992245028337432,0.19405218129890622,0.05375221206870088,0.06761971737008182,0.011547579288687678,0.03729552598318257,-0.0554277334730087,0.276030419915476,0.15842432388398217,0.23149956781839368,-0.16595334162394876,-0.07419538346940648,0.02904988412038669,0.05493204047346355,0.053720433885657004,-0.008645933099414506,-0.013723274547979997,0.037434819564510946,0.019891871797424666,0.23207569730383987,0.28149168251074563,-0.010926542721562356,0.18198041408394577,-0.1110734096516751,0.18791803997185835,0.020906798346287604,0.04200033725322703,-0.0254410425755767,0.07171077478928631,0.19923853105161773,0.5252227490194648,0.006642296060678204,-0.045129980447198105,0.012143111696869817,0.1077295803002037,0.008203672001591176,0.005807676056104958,0.13728166725987972,0.24368297196440297,0.0069196822829197075,0.18056551346301258,-0.10196339903948655,0.12678279324436642,-0.015234327516932999,0.08222398067081253,0.083105355550637,0.02626825762736331,-0.010744622536657922,0.23722684320364837,0.04652234925681924,0.047497997157310325,-0.022368156658782716,0.2764179712964339,0.32532194024331695,0.1253195814765615,0.10927067882693886,0.04718018484725601,-0.16249604129457088,0.33654368286646125,0.0004191766163779501,0.24401528415947954,-0.06611552649080471,0.17058312926563218,0.022326393247754605,0.02786102721910468,0.3321480892797754,0.05151974118011512,0.18060667776497594,0.06127921159690773,0.4225369991542115,0.24225258180722842,0.11961818939031,0.05778180832732655,0.15930874375849424,-0.08852172975194811,0.441158496819705,-0.028846866522335073,0.0987102033639369,0.0943648484103918,0.030078098131334923,-0.029411496594218538,0.06372592185514926,0.05192318106121843,0.06397395509332551,0.045954104633718434,0.15924230908023107,-0.0311654731151722,-0.14495805057693267,0.017308534490893947,0.09585453401310338,0.02943185632738576,0.14504550568946706,-0.04226225915609172,-0.006896092774777176
roll_spread,0.12379522548840789,0.02169930464598621,0.016253994834963544,1.0,0.2115185117090775,0.06170929164382684,-0.017627140658935683,0.0175146443472753,0.16935234560569265,-0.06143353144875191,0.149820048763778,-0.10480502350973471,0.06873895212870058,-0.07402311068997981,0.17757044016121504,0.20474216323274158,0.0047800003302871825,0.07062584195208023,0.17772592397467069,-0.047032431921627496,0.3782475389681373,0.1381899776598268,0.3448937633615196,0.001268967841254368,0.09755962473512565,0.14314201002671945,-0.07830277217928677,0.059865549922353246,-0.07321373715284342,0.14070164018403572,0.3416343387693266,0.035731718643471654,0.0018775596663733701,0.42046637890645067,0.03311381804934673,-0.028859093528738673,-0.07478869275326147,-0.002366795137155177,0.038174679590444856,-0.033524588284850464,0.03791306817876325,-0.1314861217311253,0.14331450144051053,-0.0891840957079798,0.01776104518108552,-0.09676105697176453,0.11654464159532231,-0.0015473150968225032,0.04577595299886189,-0.013632237466172951,0.08881947050289604,-0.0988286105295911,0.13263865041914702,0.5807494467637547,-0.016166419945001457,0.0038739272535066203,0.14718739751247173,0.533999226746134,0.007557815717771945,-0.06293260401297114,0.001090293123261284,0.012900598927345524,0.3396824002651087,-0.03135593736363984,0.5237755140163849,0.3890063613118604,0.003674798815360368,0.009134503312259016,0.5352711076311262,0.06720494142376895,-0.1502965251490992,0.021501700749754823,-0.015000833528483444,-0.022268477524278858,0.4470788594871888,0.19456614330174854,0.025059889813789663,0.2150921546350125,0.0016754683864500248,0.1968478152668444,-0.19280610290397948,-0.07774026127314054,0.5067084092839308,0.021773828973058008,0.01896476603096117,-0.00984723351589133,-0.14306706630495877,0.033062523593592276,-0.01743212337338571,-0.0006603855824332554,-0.004276834217814411,0.01039436165769338,-0.041296215339197015,0.040059897288707846,-0.16518000120537796,-0.003213741591834637,-0.0051452479255588435,-0.0029907135054845647,-0.15840740605990575,0.005735006707205787,-0.018537286133927914,0.00524764511246615,-0.017953000910988667,0.00677673994988633,-0.006812563028102192,-0.23004952169210865,0.0009305271847372854,0.013847703344638685,0.15837115390711112,0.22895089116091352,0.002494142132137366,0.0048408585973320276
est_pe_ftm,0.01461217633741919,0.30095609068885737,-0.044924755615190444,0.2115185117090775,1.0,0.10416475855285492,0.0047782483769332066,0.12491527536281807,0.03920228888298957,-0.18095908500879235,0.2759600529348603,-0.2706280028671058,0.14109064077017625,-0.13461055977273578,0.1714819870418707,0.18697634589197182,-0.006123295250497304,0.16380778415834374,0.23356386778993551,-0.1500667785345597,0.19457172322578464,0.09580891423937307,0.4038682430683909,-0.0060134959171440246,0.12299956149847102,0.1579769508318014,-0.19924422343073986,0.022328128191001037,0.09780825750830678,0.028165464945890607,0.4113938976828066,0.07527337238101517,-0.08901224701428778,0.2929535186253851,0.06476364673217201,-0.08336956354275651,-0.09411129414707343,-0.2654927565320816,0.09014598635756478,-0.08968766496783605,0.04968967561070247,-0.39489199444602396,0.15264105959199217,-0.07574838269474533,0.04607369336224181,-0.2312059124632443,0.0811382317707005,-0.017273803756811472,0.09495942181408398,-0.006879762970132709,-0.06056197023487703,-0.14312455484216108,0.11284884374139968,0.3459583151954118,-0.04425661500786724,-0.038939904086813394,0.16160171261467546,0.3596233860250556,-0.11148388570457002,-0.1949054649669888,-0.040146942189005316,0.00937672624362106,0.18411595163810687,-0.14650373933739996,0.40072207342861504,0.3232225927679444,-0.24364048300991914,-0.005532625138202489,0.3158193588752498,0.28508219396303747,-0.6795620113950226,0.017970901109965607,-0.10295392517243772,-0.0963495691166281,0.31186573928479494,0.8270691122271382,0.021185840920194574,0.733753082644647,-0.1710003537850253,0.7973427609475774,-0.8244303208175746,-0.2673268711838627,0.2772316986849397,0.022734405256337038,-0.022989327753889045,-0.08065004353735122,-0.08030562458681147,-0.009222434329811945,-0.152181192125231,-0.022764000093586746,0.003644210611514038,0.0030683260073986244,-0.15370816164816045,0.03126859672727713,-0.5219350484837527,-0.04843736136500183,-0.1675128370655051,-0.01743914396934451,-0.5271306533291731,-0.014153597676761302,-0.05107584446722347,-0.0314938152729096,-0.03770926806825601,-0.017390960719489836,-0.12641424126879214,-0.5316026955671438,-0.010149962819177665,0.19160444857660466,0.5271609061089377,0.5311342353523728,0.06054993384660057,-0.007329616874925454
float_shares_chg,0.0071993453629624424,-0.010179244188898647,0.060344427886002805,0.06170929164382684,0.10416475855285492,1.0,0.029791526956309794,0.03839672430849889,0.013758844007492617,-0.17184977657960934,0.029601443959480462,-0.06234903600095558,0.02609938548220777,-0.22690567661680258,0.08392401114541999,-0.011553258057971768,0.09704687042254148,0.049181029021120884,-0.094309472075718,0.00752195184736558,0.054947780363821856,-0.007178777113849013,0.17214685014593395,-0.015283349920689616,0.009314084467845637,0.006482338990283036,-0.07126763581133365,-0.060568718835173084,0.03363838168055548,-0.0018121857559001305,0.1609679438977001,0.09624993008846208,0.0103618794250089,0.08200585382020177,0.06653438520597611,-0.004515250604967516,-0.016653430878393684,0.13087508401452994,0.006263830146871203,-0.025661521451735194,0.013954314955794007,-0.2611620377917145,-0.010063301781159538,-0.009287120286528682,0.023471310459800585,-0.4182812385032647,-0.004340137684331189,0.10348998409115764,-0.018536602218732687,-0.03287977257306918,-0.01533335569895159,-0.0947696145161283,-0.006372104678872584,0.11339227170775003,0.005980406127423638,0.16476267763579666,-0.00325615181421818,0.12014550814844945,0.10453459216087528,-0.10414580210134312,0.1477287723927554,0.021990230097437752,0.063778008478545,-0.09174133878347011,0.12853530250119694,0.10148999554064676,0.13698361022488975,0.11597775933790966,0.09235325271592194,0.19015643552420258,0.028374312243594033,0.10226178098063649,0.007008119832913016,0.027588604632078854,0.0961772867007613,0.044434572032858374,0.11280300672044381,0.1378129193685987,0.16897233618615243,0.028059012484850612,-0.04156421693636734,-0.07512619008544534,0.07824700224754613,0.10222492121527321,0.09753223605334614,0.1129220422871844,0.010550625111563253,0.035957459394234975,0.12039841180211679,0.09257435117584335,0.08523221207419654,0.0030144894797674722,-0.10131254817599669,0.0336243868125846,-0.003896335521533584,-0.03675188485483676,-0.014137784913313427,0.004047934563771627,-0.16970424749129245,0.053876937465272896,0.08512937159224017,0.08978228385258427,0.08617438269252202,0.10589524620542323,-0.1119146901100322,-0.15377508636677756,0.14963306382391595,0.17970159145388961,0.16973129030949813,0.15403978158638262,0.00238399865203283,0.028468649601163607
capex_abn,0.12426884021528226,0.03016215570161087,0.007694053674771381,-0.017627140658935683,0.0047782483769332066,0.029791526956309794,1.0,-0.14714233750387393,0.023821934806182443,-0.03248624535401412,-0.12600874975122675,-0.03828345936371019,-0.0967167550939293,-0.017418035641780107,-0.02257732131542251,0.015288472866132153,0.08804380455038341,-0.08618734975189182,-0.02608788514369656,0.18843606712407227,0.019104672929697808,0.01000226116847543,-0.05450262016908027,0.0034691855329599345,-0.021135673978106406,0.017357695399148648,0.17347615315085385,0.037276132678753106,-0.14358594983511375,-0.028007861502682023,-0.04255495249143283,-0.013259863350200282,0.06433945538947726,-0.06214344779020391,-0.002363993729928826,0.08471557653888806,0.055754620839969654,0.020868178941079948,0.0055026579410662625,0.041435582088300685,0.014646377832594227,-0.08376160695660437,0.013143098469448453,0.022327951657950693,0.08240870797956319,-0.006353077572697268,0.007424178764422318,0.05787536380490413,-0.037928111395327334,-0.014846533605408684,-0.020155668868015102,0.029019919753652184,0.009417946770708771,-0.02954516909239124,0.00460542825493166,0.038516948363484745,0.015353913663355926,-0.03296085390529844,-0.005642052607620065,-0.060509420748030236,0.032343829559205194,-0.002898357883738291,0.058906253818556194,-0.20409577627641048,-0.030415417419950193,-0.06428124920953084,0.025530590650379555,0.03712412916194149,-0.01503894837472201,-0.057973937990699845,0.06750849595984193,-0.027184005644137237,0.00629558223640841,0.014006107090238307,-0.022180929254728733,-0.029707935972849733,-0.028354949521157354,-0.008682648253056655,0.04474328640989295,-0.039945310011686816,0.030210236151297122,-0.02329474422413868,-0.013926366050696658,-0.03275765487547019,0.0501931470731533,0.15179746712888445,0.026515441876855696,-0.05242030062757691,0.07955325127847176,0.1430599827569876,0.07836198504666836,-0.038586294096689185,-0.06745074147668394,-0.05686166458283172,0.023472378416189255,-0.03531074223009493,-0.05342723389595841,0.013731095271235885,-0.03529092310274801,0.3750357175884128,0.07251072506202332,0.03414664909451197,0.06805147330393442,-0.008978519094054309,-0.050080219899301136,-0.03223388619710641,0.41834142788131423,0.07137647161042648,0.035334868426741814,0.03275149496645918,-0.015535944323847922,0.10476268715360468
amihud,-0.8942689309852674,-0.07787435668503084,-0.1500629202894309,0.0175146443472753,0.12491527536281807,0.03839672430849889,-0.14714233750387393,1.0,-0.03441559517631926,-0.12311775161011208,0.3707654770950412,0.0005272253620227657,0.46354628049656743,-0.1538728947566834,-0.08059895895332765,-0.0766452497234519,-0.15435358446553366,0.4930078493409916,-0.06108696534985099,-0.7492962861554213,-0.3066553471768263,0.056136660203710456,-0.007736492637694295,0.10977253500785751,-0.048987284515187475,-0.17049431233297713,-0.7502567705969091,-0.05287496298846746,0.8768639898567506,0.19101239458209895,-0.012375775217569692,0.04327249621336263,-0.09714456955483203,-0.0017589880408226777,0.2084803426656169,-0.3691151418208715,0.31743308019634775,0.012275851219035187,-0.012898964708109095,-0.074565038535611,-0.10741874752593655,0.05491727134349252,-0.11004958143245398,-0.04059376371593086,-0.19724665654508,-0.2663178172899967,0.029184618978340005,-0.053322658921547146,-0.009556113103651778,0.027917061273908243,-0.15271116412304916,-0.021164141083000767,0.001996331214502174,0.03143250007788788,0.009551814321511178,0.07008482813567157,-0.14593857075081465,0.03157539581316454,-0.006891090702053571,0.0680888665884892,0.07711140204109493,-0.015374237992265156,-0.43869066258003603,0.007223773770979739,0.05470486537286151,0.017218303306193245,0.008459399105060375,-0.03006416816230144,0.028885680246971312,0.6615495296472566,-0.22683662373120161,-0.05633678960955949,0.010723837281371286,-0.02975742048766328,0.06299692480464779,0.1874732419581245,-0.054809068468618376,0.13099525205214158,-0.010810277353223543,0.15887215205998176,-0.18799996753202958,0.041722401649768606,0.029881130227914023,-0.05508602330252645,-0.17379782781549663,-0.16495664879089578,0.00420311834461142,-0.003026476648838678,-0.1736969514623617,-0.10772626506086232,-0.04751132641632629,-0.028790556929908298,0.05711732743548178,0.05562315493009163,-0.002974250878714866,-0.05345394144292289,-0.0015517164210839497,-0.09492739688572681,-0.06350807863683373,-0.033098679460626376,-0.12452003399744141,-0.023968153559379812,-0.11881888790316579,-0.036008972988188045,-0.02590608751373903,0.018935694917196166,-0.033727360370216945,0.2550260352918083,0.06349654790925685,-0.0199542489216496,0.025325564813690762,0.025568588156625358
skew_21,0.0662393876320496,0.047031544288072685,0.04804075566968655,0.16935234560569265,0.03920228888298957,0.013758844007492617,0.023821934806182443,-0.03441559517631926,1.0,-0.004490649187151843,-0.07732023338841149,-0.04259685669433465,-0.02805555156074579,-0.0013410587680270085,-0.02912556413776979,0.16118012495292294,0.028486322894269618,-0.022997573140357462,0.10604250295861048,0.11133488897413021,0.17050191760853278,0.29726305056140473,0.04366493977418883,0.15851381055107344,0.008369781838283416,0.04468637362816872,0.09101477135879317,0.14198697675381045,-0.09133958928389084,0.2719813602434166,0.06694778979764017,0.02636582389126127,0.022518370968047055,0.11060379729045605,-0.022462968554470303,0.02778220166440152,0.06364015881542272,0.0038762123660548297,0.02714540918401346,0.016575011950010012,0.018884051223191985,-0.03305278436734605,0.03641989197723963,0.007914547827352084,0.030708514244096593,0.006020777729462505,0.034802439759264024,0.02280402813962066,0.035714709730335796,-0.010371641779191903,-0.013030945071644278,0.03143052655372826,0.022172226275933432,0.24166955580377683,-0.011142654386934136,-0.002389471415752989,0.04085333160798586,0.18998487512809953,0.020252030012508113,-0.04987386439652939,-0.005464665374700287,0.008341616565205098,0.16435168669396807,-0.007072742058662768,0.20454594655713718,0.08006476056245379,0.005973894519706313,0.0036085951475098538,0.4438693918525313,-0.033954951533878806,0.0013346635586517293,0.03360426655137072,0.0025581570657557534,0.003801311712025924,0.1483018155999109,0.021232523616245287,0.03365027424667022,0.0499219471320626,0.009724368448436091,0.02600663637830159,-0.020534438658465687,-0.037781012640797425,0.5973581602453522,0.033935018128087156,0.03565640978505309,0.04167850203665066,0.018512261834621204,0.021864204485788186,0.03367561872258021,0.04109980025742357,0.01630207055894368,0.010190114616887319,-0.03620406313645556,0.006076232178855992,-0.030037784115463477,0.011718323184312126,0.005544882797693263,0.04298576001219152,-0.04565841164054566,0.009143974760754832,0.018326698477905096,0.010277659435223572,0.017126375349086967,0.022487397885897476,0.0018680150566263369,-0.08841602498625009,0.019443336409617026,0.03200193581986881,0.045670272585513025,0.08830448065552395,-0.01427264780211607,-0.0027552644599199796
f_score,0.057750480937455606,0.11436037335515295,0.19676940579996854,-0.06143353144875191,-0.18095908500879235,-0.17184977657960934,-0.03248624535401412,-0.12311775161011208,-0.004490649187151843,1.0,-0.11966346226225509,0.04975670872949923,-0.042776453331708104,0.16563159326849555,-0.06467582498400445,0.06744560676989377,0.002318165822057198,-0.06646578902931499,0.040561770466086444,0.12387953689178421,-0.020411833015700126,0.02658634478235222,-0.16011688814778632,0.040627321260802235,-0.06281746586188804,0.10731716642676171,0.18791540565411108,0.13819049968675665,-0.1238491270236051,-0.04092133793937217,-0.15161798079683886,0.01818824801839654,0.0573060666724287,-0.08448266639130779,-0.04714104647677271,0.011463576216179699,0.05597423666199444,0.20724307822426866,-0.03744219624246198,0.03005302288784535,0.08353427304891237,0.09719517867256616,0.06565208958757043,0.01655499051053623,0.020060325194846042,0.17627139709743647,0.025580539946141158,0.3667637786177178,0.08530253581211447,0.35434594456630164,0.003874194084081611,0.020193606331022598,0.03768656738043929,-0.11694643825168302,0.10600330457490559,0.09807927101865656,0.09103011103576013,-0.12268861130409234,0.1952482126404918,-0.005121840407620819,0.10916698258580183,-0.34712348869190957,-0.045322308584117,0.42532900134771323,-0.13142814514573142,-0.13978783774024947,0.19327964306930426,-0.3330134175857367,-0.08271076749898618,-0.1329540355200959,0.2790192842447323,0.03768362734499161,0.48578208803298784,0.4054699821445779,-0.089413980666911,-0.16217361901757496,0.012599753161797232,-0.2860854455144182,0.20106416753507933,-0.13971840788737327,0.17098608781473273,0.45776070719560197,-0.07860076541841676,0.04276693991463731,-0.08169720798726071,-0.0822305186258074,0.03207936012869783,0.15394751726267622,0.10846406589458273,-0.18171607164366974,0.046558963907541946,0.002641506831186083,-0.017063564283247148,0.17740158347139504,0.0771843927637779,0.09703785638305364,0.11317579319423789,0.014767365129080456,0.18265552826170017,-0.026519020514237823,0.052007139767364305,-0.16873157976895042,0.040066238065821,-0.1305709240569156,-0.02121485737209952,0.11047205753197399,-0.013754770214972754,-0.02444541477968448,-0.1825413585999997,-0.10885198265388167,-0.01943718324052297,-0.22361682648451117
beta_smb,-0.218347588840131,-0.09108236992056051,-0.12496552387138811,0.149820048763778,0.2759600529348603,0.029601443959480462,-0.12600874975122675,0.3707654770950412,-0.07732023338841149,-0.11966346226225509,1.0,-0.026798665052478167,0.3104839352360001,-0.07462533899503815,0.29184213303777606,0.01161133920993538,-0.14924156669542663,0.3166741863240564,0.11649954796793263,-0.5438145756480068,0.1299697644009236,-0.015019784602816893,0.4158125274473529,-0.04841642101102916,0.09504849868765326,0.013873435083510443,-0.5143289001835394,-0.16045152208619085,0.35276412832418547,0.05726302696588623,0.3123435860465125,-0.03665130440651905,-0.07976933777038143,0.35612982914721325,0.16350721408562977,-0.21530495718463735,-0.23676705128141023,-0.11902763278050263,0.011350470014921782,-0.10111671761325589,-0.012930011743189904,0.07708672601294461,0.010420486797143372,-0.15309199093906936,-0.14373849999868546,-0.14171200265672806,-0.00350731270111227,-0.15307834091928502,0.017854540401283384,-0.0016213552003219818,0.07237268927646931,-0.29110384478618073,-0.00024323878578992855,0.25963903589563114,-0.027948856229298543,-0.04881960114879784,0.016831547225295118,0.2866291677943208,-0.11255282046981062,0.08229875667363909,-0.03580015695045556,0.003856813534421507,0.04967176273252913,-0.021201639993819816,0.2651327099989298,0.3847051469226081,-0.11960887881444392,-0.057763109981861405,0.19297388659471915,0.2227550960387465,-0.3537940907614478,-0.06114514706833724,-0.063396550337853,-0.0974825468598397,0.17343915998168014,0.34304567821183374,-0.06376159407913501,0.2734767054667695,-0.13967198902189779,0.33378469288048124,-0.34276349509897125,-0.019881167640674623,0.1619426952328761,-0.06166224511030078,-0.19150378276958668,-0.2007213394694988,-0.06132383373953663,-0.003816633578464532,-0.22524576961539308,-0.11643839889335585,-0.09703414465959774,-0.004703289809047248,0.09337743816888307,0.05240987461046132,-0.19042840481133227,-0.06637972921669102,-0.03767416226469754,-0.049424497404597485,-0.1134446849468753,-0.04885597962131408,-0.16785454804223698,-0.06237283197681568,-0.16181148816116633,-0.08367622680114471,0.029796950430397248,-0.09802887885311387,-0.0843568524038845,-0.13658564082894165,0.11342700683572769,0.09649183291408704,0.052044666466757095,0.003928412561168886
rd_me,-0.06455547765089532,-0.16648525622109236,-0.06474080104671896,-0.10480502350973471,-0.2706280028671058,-0.06234903600095558,-0.03828345936371019,0.0005272253620227657,-0.04259685669433465,0.04975670872949923,-0.026798665052478167,1.0,-0.042478606960879156,0.10580107873762604,-0.03757504154247234,-0.12174024703892013,-0.07950006059504876,-0.0345471672280078,-0.12284197691566485,-0.030747161373867078,-0.15347628489846396,-0.04855143759814936,-0.19402851017042744,-0.018296191047563855,-0.01594081395560228,-0.15653074732527872,0.03995185125919751,-0.04758199309190903,0.014914989224343027,-0.01280859025240111,-0.23564196457403802,0.5311637036755303,0.003108904189587307,-0.151352522759092,-0.06020778455717838,0.019692880511556113,0.04036192022513925,-0.11309430288063549,-0.06798369289143578,0.022393433731109604,-0.08726165233764707,0.09661892205180163,-0.10467322035444955,0.04847562378497021,0.22607062591651353,0.1565798601258811,-0.03995450685705049,-0.007688054353895488,-0.0389677915430054,0.030431056783047784,0.031264180262242106,0.11179689589979372,-0.060864977703634644,-0.15514375036360217,-0.08991569457105167,-0.18583482232224505,-0.13325006783222812,-0.1604602073845279,0.0883967687408656,0.40366653059781477,-0.19506033740159168,-0.016992802888120325,-0.15105990788054524,0.015095650528040586,-0.1870285021423929,-0.1439961159477757,-0.11496204047500329,-0.09046203921679777,-0.14809409846783758,-0.13137394526013663,0.059685153198205214,-0.06253429562105142,-0.06154381581138843,-0.1421226892697029,-0.15185229905222733,-0.2352360880847106,-0.0701031064963237,-0.3183749137573998,-0.1727787200783904,-0.23428133401365628,0.23110500510591114,0.19725297777790057,-0.13201493398639075,-0.0641418514716191,-0.07402045686220908,-0.09316098105177287,0.034855977790446836,-0.08897941385840714,-0.14571595391436964,-0.03563154675995362,-0.06313598980086171,-0.017821398755836562,0.35352887234247693,-0.08530583936180411,0.15883091908287225,-0.035180836113619184,0.2296835215976545,-0.005072864121976532,0.45403394884817627,-0.05823643252226427,-0.20724536319863265,-0.02207183499974527,-0.2122841543094386,-0.029544579957780502,0.27228878464386375,0.3638915947842793,-0.007247180162797319,-0.1360388703840665,-0.4540419017551657,-0.3634307151941141,-0.1345573319073708,0.022075049136086388
ap_beta5,-0.38611831599279595,-0.04669868542812728,-0.04190520315152298,0.06873895212870058,0.14109064077017625,0.02609938548220777,-0.0967167550939293,0.46354628049656743,-0.02805555156074579,-0.042776453331708104,0.3104839352360001,-0.042478606960879156,1.0,-0.026392804854554797,0.024028769359414896,0.046599905063844635,-0.08621380671563972,0.7107380600143359,0.10124684800841828,-0.4559218641077529,-0.05181974852737199,0.014727703641550573,0.15063760453736558,0.042213997639827715,0.015017258569165658,0.05964337849911447,-0.439032401548953,-0.0101923805281891,0.4390109022401759,0.0935389350446171,0.14083260909686393,0.045822069087205805,-0.032993170527340084,0.1354684208856207,0.12495535554005967,-0.7810970528849884,0.02646251485273651,-0.023474624056557473,0.011628790017442298,-0.08969444403773666,0.03741496808930164,0.010085768018210447,0.04425024523165656,-0.24863794789218846,-0.08680868483086536,-0.12327603861303453,0.01679371831864789,-0.0582159194273162,0.008898965886332036,0.021992778891306283,-0.06247232004436583,-0.08568662219959243,0.025570013088305223,0.11014517428685593,-0.004054155673369852,-0.010394223137067414,0.05569532737236489,0.12032366143957993,-0.004370394404184115,0.03729567886988488,0.00012858637087978517,-0.02044159808416047,-0.17326285763149932,0.006675135099941248,0.13100470080239762,0.11381010744279574,-0.021727146341900982,-0.030889508679742564,0.08402599235715254,0.35519977523471485,-0.17570771705611554,0.00011409351656128048,-0.0030892424783215055,-0.038820227807470735,0.10652503829315786,0.1863478064043273,-0.0019402103243909283,0.1468780386768693,-0.03674591940219726,0.1830916310089592,-0.18622502486152662,0.004396923597987288,0.07664339193783405,0.0003283688266030805,-0.21353373414022206,-0.1276723233696082,-0.02408592565428238,0.03838151979352681,-0.13232056242969506,-0.06807054486723242,-0.07730851065122085,0.011498823905243679,0.046970181148669826,0.06807402325793734,-0.08663137490296628,-0.03283515655676312,0.027734393329921215,-0.05748812779727068,-0.060961813298507646,-0.03565989142944026,-0.13681028152947272,-0.027884096345825053,-0.13065925276975768,-0.032621091834378044,0.02232320450444951,-0.06762291336349657,-0.04818759575747792,0.0890551055795321,0.060916824054748485,0.06659426010268571,0.042773628850612894,0.0076116932349282245
free_float_ratio,0.09551017923773973,-0.04628533080487229,-0.0326695705429059,-0.07402311068997981,-0.13461055977273578,-0.22690567661680258,-0.017418035641780107,-0.1538728947566834,-0.0013410587680270085,0.16563159326849555,-0.07462533899503815,0.10580107873762604,-0.026392804854554797,1.0,-0.06608976145656435,0.012876339132946104,-0.06827009889679074,-0.07382211941333863,0.08281480741573352,0.017448401758994356,-0.0354895377268215,0.011335381407416707,-0.17357368051216185,0.03004927352684086,0.017470394190105952,0.001087883708184546,0.42777137484988864,0.0408516136978707,-0.15473542024281733,-0.017440842263986144,-0.22751020187269747,-0.07883463386891543,0.040731325101848626,-0.16299651027576298,-0.176688372023735,-0.0010390613480568273,0.20945297155003126,-0.24140824695275756,-0.03014945947802476,0.017622726230987283,0.006053705618387347,0.24302448829701775,0.012292180057182018,-0.0249841674761809,0.09984125467517221,0.5311338941298138,0.0076390848415890614,-0.12893767405086554,-0.010003866964326065,0.008511432206743937,0.03136537485808659,0.210270934453542,0.011474639985685146,-0.12205474179174709,-0.04333250552162991,-0.2643778983319699,0.007702767180961001,-0.12764424969661364,-0.15737923731974934,0.15920605603542562,-0.2620476356497581,-0.012141786896381936,-0.20080747052666553,0.06478576713511182,-0.12727457897956956,-0.3695623478786082,-0.2354645290106701,-0.11529539934594615,-0.09262559897367545,-0.35946629210071945,-0.03353026573332022,-0.08895907297930718,-0.06147642037221892,-0.06605087020641882,-0.08393150036547113,-0.06351837079258443,-0.11049234025056909,-0.1631674833781307,-0.25273076575481535,-0.03397584512012652,0.05998619055552576,0.08380279221906398,-0.07826071349166515,-0.08783857548236068,-0.6188023486598252,-0.15485223551079896,0.01674265452367865,-0.0685020539500798,-0.18858802421707288,-0.0595323467245798,-0.13340497553797426,0.010316187400013993,0.17192990884791556,-0.1128559339821318,0.014624038859061918,-0.047837928272084225,0.0065922190939022495,0.007530337662772653,0.23155329270595493,-0.07294124056233305,-0.04944370510239868,-0.12596184322868548,-0.04592531738978452,-0.11997534596483829,0.12308485254839714,0.19346633154382817,-0.12435254921510047,-0.13582752585171842,-0.2315339113073389,-0.19383256348758585,0.06666779432318924,-0.06692285145415888
capm_beta,0.20444152360751514,-0.06005131854410222,-0.0392212923506231,0.17757044016121504,0.1714819870418707,0.08392401114541999,-0.02257732131542251,-0.08059895895332765,-0.02912556413776979,-0.06467582498400445,0.29184213303777606,-0.03757504154247234,0.024028769359414896,-0.06608976145656435,1.0,-0.05868798019105458,0.016727260988618712,-0.008035783474382795,-0.022269933576566644,-0.05347927762672356,0.21978632111574425,-0.041924362375587734,0.48920819415693434,-0.1522854079940807,0.40477242269799085,-0.0363071396588514,-0.06715071491886815,-0.26348961784153274,-0.07174940821349976,-0.0659067052065065,0.2455731009959029,0.06216434686111931,0.014502314640662123,0.2895003596248527,0.042815226379267386,0.01599189287129846,-0.16860199077502194,-0.013585980876731381,0.0028413276711778492,-0.044166182597573794,-0.010611813517570567,-0.21018217418003385,-0.04828608178076589,-0.15895971014844198,0.10410641142417472,-0.12116629543102393,-0.033875114636350026,-0.05523424651808412,-0.008761581236448426,-0.005187648442574249,0.8105229163241965,-0.3934298274302379,-0.042807517462604264,0.2793266167680854,0.0017424167831460832,-0.01716909215595607,-0.04853978665697504,0.31532563595484464,0.006470545438961315,0.014773437831038804,-0.02201510438036787,0.0026892111247050123,0.21122406011100434,-0.04032299390795628,0.2516995404738897,0.2956034029920639,-0.010161098814455692,0.013148767066157837,0.22614867058558333,0.010982141153848617,-0.11136508855457412,-0.016405044090390977,-0.01823937646115776,-0.008724967939049087,0.16478513622922125,0.15374561244556062,-0.01685656315337289,0.14398873708440127,-0.005088395110612193,0.14142195404762423,-0.1524447268252689,-0.034964274095386,0.18461216105253483,-0.01922162420138713,-0.00510939393579633,-0.04560848008034348,-0.015215141049485095,-0.018361442981602565,-0.034216976152395204,-0.03101283400781295,0.0034527106922296095,-0.0052582898220328,0.018442171299828527,0.0030630120577376987,-0.15391791447382247,-0.02247130774829951,-0.0038748886376289023,0.025141771142641572,-0.09762806667997657,-0.005173834912329799,-0.004295319963448183,0.0025360705732386,-0.00010807058427156565,-0.024711171948602943,-0.00877436446007451,-0.10797751975046085,0.006711879128109385,-0.047068947170096714,0.09762919650006052,0.10834449212753858,0.007537553223630325,0.0053344112026411025
ret_6_0,0.13977382047842715,0.24482831137473177,0.20003176896608443,0.20474216323274158,0.18697634589197182,-0.011553258057971768,0.015288472866132153,-0.0766452497234519,0.16118012495292294,0.06744560676989377,0.01161133920993538,-0.12174024703892013,0.046599905063844635,0.012876339132946104,-0.05868798019105458,1.0,-0.08488709438438267,0.0511423619825515,0.5533391500556066,0.12001520673314249,0.32151373529215416,0.343715567169221,0.09382903077225498,0.1839272289896216,-0.019462920625191647,0.5511370433958912,0.11033959805043778,0.6615425359748037,-0.1744946403886798,0.028240666035836033,0.15398512927941907,0.016438309308284587,0.03318113278166046,0.2771809774321819,-0.01395793537351895,-0.027720527701333417,0.03742570770745511,0.04289372778293766,0.14505209496242755,-0.025902623433362776,0.0028860674611804744,-0.016967394207394123,0.8829262984762382,-0.02535338445786693,0.041866813610173595,-0.0013716134650777231,0.3190311537159933,0.06350900733996033,0.2078802168414528,0.010212232579017844,-0.050154026024636436,0.0009217224191319188,0.4741562390759441,0.2977176157896676,0.00317074615259146,0.018482298097680715,0.6494011016508474,0.303203517760533,0.04682976686193077,-0.11637811012208576,0.010938728876585098,-0.015729855415571464,0.30173255886377576,0.03988994135532135,0.368152168687798,0.22721525313298305,0.04243449104266585,-0.013081152399647838,0.38341568331785486,-0.034351623565617447,0.024311447728704645,0.11515136719431814,0.04489904767085161,0.042928224323751,0.3356148994845757,0.09928447246396792,0.11537404917742894,0.15850054875270517,0.05222985462351074,0.13474733866352523,-0.09543190000634444,-0.037333792702649866,0.3167220587203369,0.11654924243101952,0.013814892003391812,0.03995512426232728,-0.020495584326693687,0.141749317943973,0.04198897827104241,0.04850020829945748,0.025560257099205085,0.05692506248285451,-0.09180794965619135,0.12820273761038048,-0.12402691396022092,0.021346525002847196,0.02260563091482899,0.01984332314463379,-0.11790644232762029,0.017637912823627623,0.03194400755574829,0.003162732870867039,0.033136951046546716,0.03928091775460985,-0.027708397679992603,-0.21553966544889874,-0.00348388929629635,0.036579270734969686,0.11796791107723706,0.21598710131603738,-0.0017788482390966882,-0.013846827456474699
ret_36_13,0.152002490091748,0.05190997595711894,0.08826499092682126,0.0047800003302871825,-0.006123295250497304,0.09704687042254148,0.08804380455038341,-0.15435358446553366,0.028486322894269618,0.002318165822057198,-0.14924156669542663,-0.07950006059504876,-0.08621380671563972,-0.06827009889679074,0.016727260988618712,-0.08488709438438267,1.0,-0.0700512725574896,-0.21201722353836785,0.16057001473001142,0.0377762066557859,-0.028452667079667867,0.07841135263479136,-0.001921509684350796,-0.05431400840084326,-0.09883203310951202,0.13536441021082962,-0.09312655804280413,-0.13191831288618738,-0.032686891074087274,0.07399576044597936,0.05978925546641677,0.04168873411459255,-0.009974416532633876,-0.0032198493921396496,0.06917891739694199,-0.009027742828186249,0.1960583822005856,-0.06545215461106223,-0.0030679238951869547,-0.05785367816091352,-0.2422090863501554,-0.07375015960959841,0.03535735326785862,0.0656083657854417,-0.03027983100714224,-0.030026249689210846,0.16259957818001056,-0.13055180495898092,-0.02206801672418789,-0.03307501679286919,0.04205006787421426,-0.04358223376693719,0.032704217726799524,0.006424522915001284,0.10865086084398437,-0.08564366248717871,0.03405247059044811,0.15283994649639993,-0.15670065077571155,0.10196831829182586,0.01579825835986717,0.07425614396372048,-0.006485790289420299,0.03775246946967441,0.004403272450995551,0.1959885323702505,0.10750122333636263,0.023095058654207155,0.053026773378598305,0.1268147711496989,0.053926185222826876,0.04920427401892447,0.041899345145991064,0.009019439389784329,-0.03626623146983962,0.06835174744617302,0.055234078942546616,0.21302066327593772,-0.060940015455217066,0.038998352839431545,-0.06129252121148841,0.02007343549138712,0.054435965794073234,0.03096373236926824,0.16974749524001348,0.01107193946965113,0.01160200865099011,0.17338734267454808,0.1085510378493907,0.05352928974359248,0.0015301092732752663,-0.14036425729702479,-0.029336835866497043,-0.04333091544112628,0.05462979194359061,0.06572342976000572,0.021261170136860276,-0.1260338504316085,0.06417732472104191,0.04411227304784557,0.0841690555515117,0.04437826557032279,0.09733358564934261,-0.056218728669515584,-0.26302426078172914,0.06397888578706148,0.1585905742322605,0.12603534145809003,0.2635253440134566,0.0017247403441387659,0.02598329971724235
ap_beta2,-0.40813560938003546,-0.047122511129625615,-0.032979785419549004,0.07062584195208023,0.16380778415834374,0.049181029021120884,-0.08618734975189182,0.4930078493409916,-0.022997573140357462,-0.06646578902931499,0.3166741863240564,-0.0345471672280078,0.7107380600143359,-0.07382211941333863,-0.008035783474382795,0.0511423619825515,-0.0700512725574896,1.0,0.08969848148650258,-0.4653727110255276,-0.07833642831287595,0.018790010243096948,0.15165216200599613,0.04039133443148678,-0.006209284156411827,0.05309718242104159,-0.4677741953891165,-0.004505564130631966,0.4643322848505528,0.09668387726573424,0.13973256212853108,0.06311194480692917,-0.02887825377483557,0.11832717306627764,0.15152139785679816,-0.4076200354629212,0.03453735888964708,-0.005467318443996208,0.017496893915743626,-0.09372613483758767,0.027249905628329008,-0.01961093620562629,0.04580223720776073,-0.09814076358727682,-0.08887941936329821,-0.18115561918722503,0.019261740243680277,-0.03671268981087518,0.013508940840284424,0.018859766179290607,-0.10553278958426128,-0.06213245496410909,0.02652290228221049,0.113056627894866,-0.007122287805230147,0.019025046650616186,0.05435305984576537,0.12045277762188951,0.0025379497832281805,0.023713261266094483,0.029505539783722744,-0.012212407308739567,-0.17600878213684135,-0.0035016918115542027,0.13591015848181517,0.12019712924985676,-0.007382760860580765,-0.019056323209921407,0.08978685539329376,0.40021224147780343,-0.18428179452353435,0.0200290718435611,-0.0027648355122353247,-0.038297740302306135,0.11695357126944211,0.2010348022864084,0.019066897034488064,0.17852212472545542,-0.017693202373240513,0.19244138337844233,-0.20014409633889751,-0.007470613447761736,0.08055924661721584,0.021441197014613774,-0.18278404380976415,-0.11284966355928039,-0.0007265340168286906,0.04931650672128587,-0.12386305697839768,-0.05253828973549733,-0.0758093497974752,0.018154417902779673,0.0345433445409182,0.07559383504241463,-0.09692238667108781,-0.04199732490403613,0.01627737284385914,-0.0580950171133038,-0.0930314153756352,-0.03406551078036444,-0.13307314089939695,-0.020463610894642485,-0.12753059654276022,-0.018252245527558487,0.00728997982743701,-0.09485166203705431,-0.034149273748611327,0.125727547412277,0.09300895829322131,0.09355710573163578,0.05096841640704547,0.012098049209765585
pb_chg_12,0.16183494435567286,0.18723874236486945,0.15992245028337432,0.17772592397467069,0.23356386778993551,-0.094309472075718,-0.02608788514369656,-0.06108696534985099,0.10604250295861048,0.040561770466086444,0.11649954796793263,-0.12284197691566485,0.10124684800841828,0.08281480741573352,-0.022269933576566644,0.5533391500556066,-0.21201722353836785,0.08969848148650258,1.0,0.03251716897935997,0.2873292777932203,0.21448236402550627,0.257768386697135,0.12191840032550066,0.00039795155685807637,0.7647611683484883,0.06502882600128067,0.47062779064874355,-0.11437077190115862,0.011645282483182773,0.34442312980922457,-0.005165122622262303,0.015995135655028976,0.26371724424642573,-0.02008719535098705,-0.06323471057913449,-0.00502479920273228,-0.09023122043443545,0.16005469375810083,-0.04198608460788326,0.4925408472719166,0.004557677493562451,0.4845195306487944,-0.0710102907862633,0.039862065688208326,0.04891872931468028,0.19073792717111548,-0.023228157250173152,0.22241832657847962,-0.00017803629550162546,-0.04304067264010467,-0.03967188910051473,0.2821554038043677,0.27424209679448003,-0.040449706334179825,-0.09859376023414246,0.6285738286235664,0.2867811200986796,-0.030939096090899315,-0.06202484181189343,-0.09817725555789698,-0.003913016917989313,0.25259738611063026,0.03981178525087005,0.3324092897540885,0.2149138697132662,-0.09462571224726818,-0.09751552148108465,0.3128496653251954,-0.0442784885725093,-0.12319699192822046,0.09398250930216973,0.009436547539067199,-0.005095669424071066,0.2865416600046796,0.1881887921231661,0.08598985950263602,0.23277291437191408,-0.09077707104637488,0.23837863575842486,-0.185588848042187,-0.04664453324012469,0.26110700970008544,0.09425294692646034,-0.042602529664809784,-0.05654069658847311,-0.03808103138756198,0.13841397695796567,-0.11112753112300629,0.01543366089635991,-0.036087506458641644,0.07051720847225844,-0.028579225926069568,0.12203524293555708,-0.16876093425919675,0.0031984124635828174,-0.0004540817393513444,0.011816376924312777,-0.12379496796055776,-0.015145334708527455,-0.03818219227202757,-0.04318874053105987,-0.03654492751729308,-0.0222635328406728,0.03524872046881758,-0.27914288086765,-0.056926119001179165,-0.01382424301500473,0.12379917605301018,0.2813269168900048,0.007644804125254887,-0.024496002572540122
size,0.6551166526832618,0.15807090975123153,0.19405218129890622,-0.047032431921627496,-0.1500667785345597,0.00752195184736558,0.18843606712407227,-0.7492962861554213,0.11133488897413021,0.12387953689178421,-0.5438145756480068,-0.030747161373867078,-0.4559218641077529,0.017448401758994356,-0.05347927762672356,0.12001520673314249,0.16057001473001142,-0.4653727110255276,0.03251716897935997,1.0,0.1272554706148961,0.05957816104858699,-0.1633839821559711,-0.01000049920217655,-0.0020271300547742973,0.14783270139531812,0.8636527182700047,0.17252474737003906,-0.739056204024894,-0.12581626367334497,-0.11500067883069187,-0.0036201120296404576,0.12383222258285262,-0.21327806787839224,-0.2342273972623911,0.35292233512356974,0.09754641299125039,0.05177322885548015,0.02558887404108103,0.10523985814701807,0.09271039905490087,-0.06605965118050447,0.10250994476294595,0.10883465486539057,0.2570381056462191,0.20152448038679366,0.043398245445552944,0.12328692313760345,0.02852007223363734,-0.03141376673555297,0.05935218381498855,0.18666563684460777,0.06306362337559926,-0.08218885654589295,0.0041857737051471736,0.00015318533521855055,0.12807400295554952,-0.09587833779015117,0.05851906962638677,-0.17183608163670439,-0.017374227166754234,0.019067484276163164,0.23981153137264438,-0.017345219368136256,-0.0871288128625527,-0.2743566347844963,0.05816946597744354,0.06862672057643289,-0.01935335582466454,-0.5020432592456907,0.3339159466092411,0.08344935988213048,0.020770625247022386,0.08441411688619191,-0.05186201458793923,-0.26823403467192536,0.08866355427857675,-0.1887009636131984,0.10113262980679887,-0.2507028158471154,0.26970785741970915,-0.07396540906786088,-0.015863937080444274,0.08382443005596914,0.37977243860545157,0.2653421268253359,0.06875382801128142,0.01215028103072654,0.28365919070622614,0.17850068095482394,0.12115066395538808,0.019265264794907963,-0.16460915868094605,-0.06663174215201684,0.08415158098121839,0.08229411202282033,-0.004262345142372098,0.08235618272162355,0.046501719412136454,0.06274036885625296,0.22714633229051895,0.06266055686022658,0.21575730100438012,0.09318875060097219,-0.03191731998500587,-0.005773796255223848,0.0874519590630697,0.027065565668968245,-0.046494412227632724,0.007661315110596102,-0.04834902979908493,-0.016523383191736282
turnover_20_ff_neutral,0.5137090056548527,0.06675306564184674,0.05375221206870088,0.3782475389681373,0.19457172322578464,0.054947780363821856,0.019104672929697808,-0.3066553471768263,0.17050191760853278,-0.020411833015700126,0.1299697644009236,-0.15347628489846396,-0.05181974852737199,-0.0354895377268215,0.21978632111574425,0.32151373529215416,0.0377762066557859,-0.07833642831287595,0.2873292777932203,0.1272554706148961,1.0,0.1734219465883691,0.4654937826779574,0.008439936658761233,0.09887188904551288,0.2674341489054249,0.09251100066633716,0.10788282337754805,-0.4678398379628768,0.1567828115545946,0.4788537089314356,-0.009653524382466961,0.02405104992073805,0.8770337233288019,-0.01710369165559555,0.0727832616620104,-0.2623420041796159,-0.0009654301062976042,0.05230422712579677,-0.0038087279358022356,0.09053989814249312,-0.10421713803458013,0.24207946576387218,-0.09264416533563435,0.03184706493533063,-0.06892661438000194,0.17960940241179044,-0.011773015537387143,0.06910304795179904,-0.01893391896470662,0.15603478902262216,-0.2057724523426195,0.2066618807742618,0.6379055648257321,-0.011176636477284134,-0.02248794698170863,0.26116588204106267,0.6434361933223289,0.012823943025263972,-0.078275430531332,-0.02396826889656596,0.006480614400528503,0.8816483753780373,-0.019841922491947304,0.6364677913809311,0.7040851842205745,0.004004874507048884,0.010820055739349353,0.5970949183243579,-0.2526199694111752,-0.07864312515096888,0.049937886456908734,-0.018640412985251313,-0.01200116682888214,0.4209248865735506,0.16116557863030237,0.05078831065816958,0.203292988647997,-0.0031623140564183854,0.17841781713219826,-0.15905448194409577,-0.08599316306044912,0.5361351942351801,0.04954676474616052,0.06372124108802837,0.04080401915579293,-0.21493227585868582,0.0432894906741922,0.037585243010934535,0.024286040717972742,0.012971106370445325,0.03158630806435703,-0.05170242478405069,0.05886139038855254,-0.17970260312387043,0.015615165853925016,0.01190607253658163,0.03425281280601862,-0.1357005681492115,0.009976790419558675,0.005896900594935565,0.014094393853424085,0.005558009365668034,0.014532023681047756,0.01050924747389361,-0.26050423647228393,0.0009378925913226639,-0.2538638362369618,0.1357009164315266,0.2592148152509244,-0.019432937564348874,-0.009853097295790102
reversal_20,-0.036182260999125776,0.1284174041261721,0.06761971737008182,0.1381899776598268,0.09580891423937307,-0.007178777113849013,0.01000226116847543,0.056136660203710456,0.29726305056140473,0.02658634478235222,-0.015019784602816893,-0.04855143759814936,0.014727703641550573,0.011335381407416707,-0.041924362375587734,0.343715567169221,-0.028452667079667867,0.018790010243096948,0.21448236402550627,0.05957816104858699,0.1734219465883691,1.0,-0.03173005498010573,0.43890041665885415,-0.009265944866044647,-0.010492819802874809,0.056455035320140026,0.4258842519885496,-0.04497505190777673,0.1668068320305383,-0.022073160029567197,0.008926010497027735,0.016474879447909135,0.14931802123017662,-0.007362971538569243,-0.012880745537965884,0.1310708745161471,0.0048346288207585875,0.053509477022802635,-0.009691760919545002,0.015634128317624636,-0.0007081920773222871,-0.030361914275717453,0.004126157560092457,0.02281734044934466,-0.0012535875061090807,-0.013811471301779883,0.02511446974570251,0.08109515395991813,0.00790743467185799,-0.02609925161105468,0.016433375077399094,-0.03834842971170611,0.18989021631703318,-0.0035951061819497706,0.0010857202332484749,-0.008319430756652913,0.11690171260758081,0.015142941452864404,-0.049982565991547864,-0.0032437858804670685,-0.008213265173830088,0.15672801967034622,0.014219832318642997,0.21636640676615873,0.1179100324936866,0.0036198365167663957,-0.009322987934483114,0.48808838068319277,-0.008815833327902563,0.009392287552152987,0.04198933481182905,0.01678532241335674,0.017556940087398668,0.21968966366455592,0.04852132047943695,0.04182721644244896,0.06273396536159018,0.012345698252346562,0.05239345213177611,-0.04616525059287079,-0.015509858087626234,0.39500968245450074,0.042172705809524307,0.002175862456454987,0.01261393959259251,0.11340070214110624,0.041761078490300495,0.007845844293159158,0.02257946603248727,0.011765408369467642,0.017622060418767543,-0.039492614551432714,0.03684721905801109,-0.0542325920330891,0.0005499163318674175,0.006248574532639268,-0.01301886231423517,-0.049247559411443445,0.0031920841663412086,0.01958103390969757,-0.0006604780617619645,0.020310807538657414,0.012136274431778537,-0.017041068994075145,-0.08314695543019959,0.0019733351920559476,0.03350951501505439,0.04930911141822387,0.08389149739397994,0.0024935245781595155,-0.005106972649240279
rvol_252,0.29558651942356706,-0.027397420343816908,0.011547579288687678,0.3448937633615196,0.4038682430683909,0.17214685014593395,-0.05450262016908027,-0.007736492637694295,0.04366493977418883,-0.16011688814778632,0.4158125274473529,-0.19402851017042744,0.15063760453736558,-0.17357368051216185,0.48920819415693434,0.09382903077225498,0.07841135263479136,0.15165216200599613,0.257768386697135,-0.1633839821559711,0.4654937826779574,-0.03173005498010573,1.0,-0.11006149933918616,0.2545481746871628,0.27060267873089255,-0.22090034386919177,-0.2661155485887418,-0.02042138813049196,0.018178834500628828,0.8942370218791177,0.0728427420687333,-0.0165197478482938,0.5822226717067633,0.08439670953424452,-0.06312803960676223,-0.27619436594735636,-0.028411455415902488,0.07192284653469998,-0.08195840557260076,0.20083966054447044,-0.31337221739419785,0.09697667251808408,-0.19161367002747556,0.012745790753007444,-0.22589832447592925,0.0005409104383882319,-0.035064700432100714,0.061588096862387545,-0.03751886050335625,0.25189338994512167,-0.2608566661532877,0.02048425012783571,0.5960300766773204,-0.045585517502832004,-0.0004517952307846849,0.17931283105251122,0.642505517227805,-0.005991756976045034,-0.11509186619806479,0.0021501818710638167,0.03490995352158053,0.4246260470963484,-0.0687863742193586,0.6246809516812596,0.5812686920556922,-0.015721455480031593,0.01921870273695576,0.4765738115040156,0.17809170444748307,-0.3456000641191132,0.04175613943334583,-0.054458064544223285,-0.07077389682576725,0.42360387827257967,0.4171730036358952,0.04765527032551096,0.4736533993702777,-0.025942479816757378,0.42312877584047853,-0.41456572546733617,-0.16351693221894664,0.4235998069784077,0.04259386487891027,0.010726768350149995,-0.030548152437786184,-0.13944695096912002,0.06132041356204002,-0.04849455544701857,-0.003918797106215438,-0.03237108996862552,0.019501551429631347,-0.06763327185627475,0.07987351988462721,-0.3469470003371895,-0.01758302108944984,-0.03436441361013784,-0.008575626164621767,-0.34701237389655043,0.008973810917713305,-0.07333946569913632,0.0098848304268851,-0.07238249559346843,0.013635076257057713,-0.00013882636321771474,-0.4886956685992853,-0.010205038991582326,0.03347373705678774,0.34696301196096657,0.4855811330139547,0.012845464415379013,0.007316766067642881
close_vwap_dev,-0.13210331542751957,0.05251497384085664,0.03729552598318257,0.001268967841254368,-0.0060134959171440246,-0.015283349920689616,0.0034691855329599345,0.10977253500785751,0.15851381055107344,0.040627321260802235,-0.04841642101102916,-0.018296191047563855,0.042213997639827715,0.03004927352684086,-0.1522854079940807,0.1839272289896216,-0.001921509684350796,0.04039133443148678,0.12191840032550066,-0.01000049920217655,0.008439936658761233,0.43890041665885415,-0.11006149933918616,1.0,-0.08226012955576853,0.008215397674455005,0.0015038054788187073,0.2536658550393161,0.03788003017127035,0.08247687290381989,-0.0689264312246986,-0.005785372463874029,0.020626011275991046,0.002855592860748074,-0.0009275304541987288,-0.04169328043871211,0.13170680712126984,0.022178203395285787,0.015382898269574874,0.01103784497734163,0.02873526702701166,0.048574822093947194,-0.006385245647976542,0.007729487705564693,-0.0012031036286651886,0.022873290574098325,-0.024792919544143404,0.039704590073748686,0.023622406249369128,0.011232878430551055,-0.11905711136646444,0.05105514912373709,-0.023056610662621945,0.015467414530266357,0.001943675560408306,-0.006864504162456353,0.005138149761291943,-0.011179415131281602,0.02726081448203967,-0.01446626980938573,-0.00872396363072262,-0.013232189392347498,-0.016995608911223654,0.024843938633414015,0.028537720362494006,-0.021646926275668717,0.01915110250256786,-0.01445166553297666,0.17275963049483478,0.02498939388096222,0.0382292095870968,0.024960126908857266,0.026546012332100338,0.010867320359803227,0.07301317522411532,-0.014651310099031143,0.023846921617472316,-0.014792221174970279,0.018075597688938443,-0.01013011413479335,0.015320004447287204,0.01565571987997468,0.14171226188702837,0.025230559691590954,-0.02147073986940995,0.005689567133460722,-0.1978307040144422,0.02560561657894331,0.003843336983142579,0.008433160954176592,-0.005916743551132791,0.008633751793490897,-0.00792742130889164,0.015711685548637024,0.020623963452739095,-0.0003207148377813497,0.027845938239570076,-0.0046611076169455635,0.025788667089127457,0.0004954598322407229,-0.0036018850993305668,-0.0023459066581752834,-0.003957181074023325,0.005984474916143983,0.003547318578380755,-0.012314820067722079,0.0005696098438738753,0.030841277599871226,-0.0257522817255024,0.01227572148225459,0.0013673860355554676,-0.006963826832210806
ap_beta1,0.12178252009973342,-0.09387644967734028,-0.0554277334730087,0.09755962473512565,0.12299956149847102,0.009314084467845637,-0.021135673978106406,-0.048987284515187475,0.008369781838283416,-0.06281746586188804,0.09504849868765326,-0.01594081395560228,0.015017258569165658,0.017470394190105952,0.40477242269799085,-0.019462920625191647,-0.05431400840084326,-0.006209284156411827,0.00039795155685807637,-0.0020271300547742973,0.09887188904551288,-0.009265944866044647,0.2545481746871628,-0.08226012955576853,1.0,-0.034134362013716044,0.011092136590812112,-0.17908814998441877,-0.047861039534467416,-0.002666646814659339,0.15745554415556992,0.01589128594442796,0.020156282143519853,0.1314145350735827,-0.0204503028043371,0.013788752158251484,-0.056077686572856014,-0.10314487541045356,0.004647115942836585,-0.03647818901564263,-0.03311855358602263,-0.07823340524285112,-0.020535097300898468,-0.2065767600484608,0.08434923254039632,-0.0002495381487647339,-0.011479345703262749,-0.11919729543426483,0.011462952218769218,-0.006095218299252904,0.3221214678647651,-0.10669188543824479,-0.013103425087500413,0.1594803411018698,-0.01110032874433036,-0.08678834834529564,-0.029684708554601223,0.1745799667883503,-0.08689905683796736,0.030823524419180057,-0.08266448344542884,0.014089660904934931,0.0955891017496492,-0.05149933297564186,0.15417299293198655,0.13893540312549357,-0.10169789681057569,-0.016243948048584082,0.1273084737433471,-0.04727684560160212,-0.13370640940393577,-0.03358100380195491,-0.061662211482053204,-0.04692173042984297,0.09590397816742305,0.12638599300411224,-0.03595880733267234,0.1010112971966455,-0.1075434789294081,0.1261254973053145,-0.1265767371939815,-0.053786540533219976,0.1142890708840935,-0.03527277432305617,0.006533703676912494,-0.05410309111219353,-0.019147192815560453,-0.02210840370259176,-0.06122607418016642,-0.03945141450178522,-0.015831563666153247,-0.006720902972486849,0.03450643848402015,-0.004714540005274851,-0.11973515574607954,-0.0006206303326833179,-0.045940710917837475,0.005611344877206371,-0.046210675886160235,-0.012731272614333074,-0.012130568444107414,-0.01958821814116246,-0.011915412500384708,-0.039318755936879085,0.04502695836444979,-0.04698989566054049,-0.012436129601278647,-0.05561608586174257,0.04621801979902282,0.04667514659864552,2.159327267392963e-05,-0.005953959653293517
momentum_12_1,0.2552177876531392,0.21908676497597268,0.276030419915476,0.14314201002671945,0.1579769508318014,0.006482338990283036,0.017357695399148648,-0.17049431233297713,0.04468637362816872,0.10731716642676171,0.013873435083510443,-0.15653074732527872,0.05964337849911447,0.001087883708184546,-0.0363071396588514,0.5511370433958912,-0.09883203310951202,0.05309718242104159,0.7647611683484883,0.14783270139531812,0.2674341489054249,-0.010492819802874809,0.27060267873089255,0.008215397674455005,-0.034134362013716044,1.0,0.13318738565929134,0.4837001156406597,-0.20125276108631493,-0.07060630636875502,0.37758127559493004,0.02752936436600355,0.0495179383038299,0.21421281443252635,-0.013427515128775436,-0.030964870693724715,-0.04187157293193853,0.11923628835946165,0.16783705268272145,-0.03694366334251976,0.6483385950883149,-0.08764224971072722,0.6147502278917368,-0.05124098766140275,0.05529973802012087,-0.01015500597223809,0.2534122980729832,0.1086406402620899,0.2027823678257262,0.006099910985185575,-0.0646835952343081,-0.032055945895357,0.3679603822050926,0.22013550234915058,0.007923213730861078,0.06142338697622512,0.7996884039289583,0.25548164740635143,0.09582958798791669,-0.15377441891875354,0.05367371246524287,-0.015762044471318522,0.26262972184723354,0.051252719086762,0.2813889010594933,0.17844100609941357,0.11980473394715431,0.019826877254933397,0.19257567552215132,-0.008717693250135538,0.05566563738840308,0.17549344866938263,0.06619078083232133,0.0610875511100776,0.2377443461617378,0.07836120312013792,0.1778679218053624,0.16855662233479168,0.12823140062335933,0.12421388672129996,-0.07383769464277842,-0.045930876316747506,0.15820785872370582,0.17697248881123362,0.018811965043503426,0.09833463968367272,-0.05860952511508135,0.20959611688021454,0.13439766392568053,0.06698790772872805,0.04116531926168393,0.08736621211371821,-0.1251878175606473,0.1861569414312203,-0.13989713378669785,0.0620599666032583,0.04391352137571273,0.03570160845886592,-0.15022026900635396,0.04797858035766013,0.04188537664403987,0.030634830141284968,0.04253192249093267,0.07370968602250769,-0.040286444454164405,-0.2878813156706619,0.000764436446717877,0.08467591308602054,0.15024534927825806,0.2880063589139192,-0.007138219220287288,-0.01673619769467354
size2,0.6445192035289177,0.09109395804830205,0.15842432388398217,-0.07830277217928677,-0.19924422343073986,-0.07126763581133365,0.17347615315085385,-0.7502567705969091,0.09101477135879317,0.18791540565411108,-0.5143289001835394,0.03995185125919751,-0.439032401548953,0.42777137484988864,-0.06715071491886815,0.11033959805043778,0.13536441021082962,-0.4677741953891165,0.06502882600128067,0.8636527182700047,0.09251100066633716,0.056455035320140026,-0.22090034386919177,0.0015038054788187073,0.011092136590812112,0.13318738565929134,1.0,0.1643414608119642,-0.7395411878021075,-0.12145225954526812,-0.22458013350400802,-0.034309632627510626,0.13410533881014866,-0.27864783472967863,-0.2941708861388723,0.33205846502004777,0.2118930093301,-0.09441050292937436,0.00924486890277363,0.10794877624019891,0.08682504148884772,0.05238180480554814,0.09482065753862359,0.08485174600323732,0.2783496746343188,0.4452886757089161,0.04087337686701155,0.03608815991910161,0.021117436145234442,-0.023106878570069118,0.07545079455445859,0.25556309529157756,0.059601375908427914,-0.1327758680401643,-0.021141771998868,-0.14874353933678988,0.1169888368771966,-0.14652044033279712,-0.03313670294148235,-0.04981470372586371,-0.1638957449929507,0.010772809233483348,0.11779076602784369,0.009402345393305287,-0.13949259812439013,-0.42671315739172067,-0.08637089661974985,-0.00392452441680229,-0.0635879840480563,-0.6393462959876743,0.2726305449472943,0.03743155593435782,-0.020996899697336004,0.031005129234292553,-0.08527533214081867,-0.2593474858515931,0.025467938738664125,-0.24336303389936026,-0.06017869510318836,-0.23068464748567336,0.25903162419661213,-0.013408058637043094,-0.053366720050808995,0.038342635642195984,0.01029537717555008,0.16023409953504145,0.07650205162808742,-0.029263339712728646,0.1548850028871486,0.13794333670128597,0.02596236752743966,0.023005693409352577,-0.036154214800953564,-0.12239662709305134,0.073449502494621,0.04465532336760867,-0.002064587539774202,0.07766403908354445,0.16381663934549467,0.018547251109917003,0.16474183543836604,-0.007464087009124783,0.15706386029487845,0.023893416157476182,0.04173233571077007,0.10290630255533796,0.02636866630026553,-0.05163728875166658,-0.16378267447260547,-0.10114029243743818,0.0042464798190202475,-0.04577463045411789
prc_high_252,-0.007378004565808303,0.26520011885879824,0.23149956781839368,0.059865549922353246,0.022328128191001037,-0.060568718835173084,0.037276132678753106,-0.05287496298846746,0.14198697675381045,0.13819049968675665,-0.16045152208619085,-0.04758199309190903,-0.0101923805281891,0.0408516136978707,-0.26348961784153274,0.6615425359748037,-0.09312655804280413,-0.004505564130631966,0.47062779064874355,0.17252474737003906,0.10788282337754805,0.4258842519885496,-0.2661155485887418,0.2536658550393161,-0.17908814998441877,0.4837001156406597,0.1643414608119642,1.0,-0.14144285664372294,0.020831964019363047,-0.16907846758180733,-0.004725501589557391,0.04714157088008578,0.028997387159486767,-0.02963670369203524,-0.0014570148014025508,0.14281894143514393,0.1099439845552474,0.12666792000630245,0.0019219544416897922,0.17046178008843435,0.06947568079678684,0.5142518682918451,0.051788716185439294,0.04567423858794179,0.05293338695816652,0.3004975033201051,0.10821890413883851,0.18190628902987066,0.023724227903792423,-0.17704105543148388,0.12573070123786848,0.3976841771542715,0.029617635627808687,0.02299452317440594,0.05634836715612835,0.5337928253261707,0.007082129106045118,0.0876070220336644,-0.09278855247023819,0.04968424896483974,-0.030605456948499577,0.11411873176084567,0.07633074128721533,0.08959196600019663,-0.007746476157146856,0.10446252028561769,0.006068104926244461,0.18628394661145853,-0.05282759470108765,0.18115396508188816,0.12795419213336068,0.0807193429354854,0.08320506099610911,0.15297505814206677,-0.07885966490241036,0.1294709240251036,-0.01595649971372953,0.12038817408421039,-0.04443402707974459,0.08175006296511902,0.026616529856424955,0.13775685254268002,0.12978872491341378,0.024532974143985444,0.08521554009336627,0.06484863831165509,0.15423307962827845,0.11282853554125723,0.054630617180001034,0.05059842588911766,0.058238335501247775,-0.08704416586028087,0.12993418509929125,0.006862846466432272,0.04916984701815071,0.045222028139117645,0.02520608473497755,-0.011473274111994291,0.030222166090797514,0.06360110482730909,0.019090363684134286,0.06301113775334574,0.0612329600928422,-0.04481492016361647,-0.06594147720307411,0.003535436887685037,0.06478438418737985,0.011546263654921918,0.06754799804877372,-0.011154606211001424,-0.01693791942217472
amihud_vwap,-0.8677359103873333,-0.09961685208610262,-0.16595334162394876,-0.07321373715284342,0.09780825750830678,0.03363838168055548,-0.14358594983511375,0.8768639898567506,-0.09133958928389084,-0.1238491270236051,0.35276412832418547,0.014914989224343027,0.4390109022401759,-0.15473542024281733,-0.07174940821349976,-0.1744946403886798,-0.13191831288618738,0.4643322848505528,-0.11437077190115862,-0.739056204024894,-0.4678398379628768,-0.04497505190777673,-0.02042138813049196,0.03788003017127035,-0.047861039534467416,-0.20125276108631493,-0.7395411878021075,-0.14144285664372294,1.0,0.15841569562443159,-0.024612687147523654,0.04292438666140631,-0.098132227405983,-0.15281138769413857,0.2047095695964744,-0.3541413620532634,0.17224480817595453,0.020798277300487465,-0.030693147019843776,-0.06790212542455626,-0.09619133889369141,0.04637769933290989,-0.16612071965967212,-0.03679785899747941,-0.20126956997120757,-0.25919330449413913,-0.10471170757880464,-0.04934350993344316,-0.04174331712895348,0.025139214593089654,-0.14375974264621097,-0.02587816647880632,-0.12965333981934835,-0.06593338540808318,0.011400974550522037,0.0760033676126609,-0.1871921202037954,-0.07945823726741472,-0.0029195859577048995,0.0765368668303673,0.08395110340931053,-0.013420315085865681,-0.5806234460050069,0.005895409213455464,-0.07665785940402961,-0.10945864914189649,0.01766432060052054,-0.02370552173151522,-0.09401818057563865,0.732428545537744,-0.21895213582873435,-0.06677355949833358,0.010818613739875048,-0.02924740951377836,-0.09764841222881608,0.16200660760120744,-0.06441581155730174,0.10322672187465909,-0.0028648995090193724,0.1298907577773087,-0.16272840353184392,0.046187389386578064,-0.07986752160190358,-0.06577678560418042,-0.15964773012964603,-0.15820546521512446,0.07582006611740462,-0.017697868436628735,-0.16419836952655975,-0.10914962320096523,-0.04228988787481746,-0.035491350045487834,0.061875440536320936,0.03851101047261756,0.01848214562846233,-0.049810678299292706,-0.0019491217703410822,-0.11169193999955185,-0.04951673732915464,-0.031851387309727475,-0.12138915322238426,-0.020963985019488377,-0.11604185329451668,-0.03685130554736414,-0.02354640034427533,0.03584636344415718,-0.03237353876100218,0.3525619715251054,0.04950230266855437,-0.03719032716447368,0.01813255034251253,0.02665250867299709
turn_std_21,-0.1463858586326827,-0.033265478885446724,-0.07419538346940648,0.14070164018403572,0.028165464945890607,-0.0018121857559001305,-0.028007861502682023,0.19101239458209895,0.2719813602434166,-0.04092133793937217,0.05726302696588623,-0.01280859025240111,0.0935389350446171,-0.017440842263986144,-0.0659067052065065,0.028240666035836033,-0.032686891074087274,0.09668387726573424,0.011645282483182773,-0.12581626367334497,0.1567828115545946,0.1668068320305383,0.018178834500628828,0.08247687290381989,-0.002666646814659339,-0.07060630636875502,-0.12145225954526812,0.020831964019363047,0.15841569562443159,1.0,0.0490757815107388,-0.011729582520075664,-0.018463191075867507,0.19452297337630764,0.02184098641197408,-0.07802047474489993,0.07206932977922191,-0.0328396200537115,-0.025587326890415936,-0.0048487121311307675,-0.039438817943632486,0.06504278878361992,-0.059567793068020056,-0.0027021574255947467,-0.06906684687381648,-0.013160420736654967,0.00972689286657257,-0.05293747532462658,-0.03488975331374754,3.067120285971784e-05,-0.06666981993106101,-0.0021104143026361875,-0.023559626310035563,0.2878401443042062,-0.00499986662914217,-0.018192540891672437,-0.06904259799329086,0.20665367188867637,-0.027222901960476175,0.009645141573388385,-0.01328318466612698,0.005226120718288193,0.09979732056554641,-0.014883093559798662,0.18356169797608354,0.1560149246055955,-0.030345742646146742,-0.008470322217810994,0.2934380823654266,0.07642814076628697,-0.07898739387377156,-0.043728358096930875,-0.02340931744018559,-0.029091020240937984,0.05238011095530726,0.05283111332006227,-0.04484961614790111,0.026975609553620297,-0.041028502502437,0.04371838910392911,-0.05341183479004458,-0.01765241061233157,0.36979846750661755,-0.04295731353151357,-0.024839050325987502,-0.04721910946199122,-0.04386745716504935,-0.03224646435911836,-0.048797029633018484,-0.03136882818934784,-0.02829808586289492,-0.014257527961727363,0.014893698247179732,-0.016328269208479358,-0.0012605172145928544,-0.01450510630643998,0.0022912152411166307,-0.037023013150582436,-0.0007723590568491442,-0.010899764915443363,-0.043459884965415904,-0.012493570696381809,-0.04259532281269187,-0.01824087302221666,0.02383947934882353,0.0034693870219970322,-0.013446652562689426,-0.006451667527563061,0.0007798399881807861,-0.004213837188879134,0.008853531369632428,0.005256300305487287
ivol,0.2935586962575386,0.019741300238933977,0.02904988412038669,0.3416343387693266,0.4113938976828066,0.1609679438977001,-0.04255495249143283,-0.012375775217569692,0.06694778979764017,-0.15161798079683886,0.3123435860465125,-0.23564196457403802,0.14083260909686393,-0.22751020187269747,0.2455731009959029,0.15398512927941907,0.07399576044597936,0.13973256212853108,0.34442312980922457,-0.11500067883069187,0.4788537089314356,-0.022073160029567197,0.8942370218791177,-0.0689264312246986,0.15745554415556992,0.37758127559493004,-0.22458013350400802,-0.16907846758180733,-0.024612687147523654,0.0490757815107388,1.0,0.06866494464391155,-0.002914618734946015,0.5778432964663052,0.06323016371940629,-0.07373259601650586,-0.2785978283069172,0.026910832752929312,0.08134542523625687,-0.060529528449100894,0.27073438447273773,-0.2888200187279796,0.15523737541791693,-0.15402684899079513,-0.015436813880153605,-0.2547052700213358,0.015174477832718601,0.013616780646916954,0.0791275499539046,-0.03862834406943281,0.0658737408313379,-0.20280480151124702,0.0465445651015559,0.5808483066552681,-0.04063698870855897,0.043457207250471704,0.2704114369751351,0.6250425789585242,0.03329081716360163,-0.16971242687311008,0.045346776439456844,0.036761902575482654,0.44506082992455254,-0.06036564665310151,0.620706316624088,0.5719616265532268,0.0402971414787437,0.035784587914628456,0.468925427930201,0.21365961275699127,-0.31534012328976024,0.0561693848896294,-0.029634305841545132,-0.05053545703898711,0.42716068060880763,0.3938269845563889,0.0688693091296943,0.46545696211813714,0.03189896015692336,0.40300537491872657,-0.39075394363565213,-0.1814803162103655,0.4243902279663035,0.0582276885081301,0.09950356718081173,0.026817039248253446,-0.16400637687958208,0.08325518373809894,0.00932927280094952,0.0147034349766003,0.007181553223467317,0.021070373932173786,-0.12046877899944361,0.10294191262927599,-0.32259546728384164,0.017439591709749864,-0.01564202361498751,-0.011088278166318,-0.3572272279957345,0.021956063496947217,-0.048149081869844595,0.026379268817568188,-0.04999861912531226,0.03903794576370174,-0.008821011965118386,-0.5336914439760996,-0.0032248017816240487,0.07354498603781795,0.3571775491471974,0.5300300581679844,-0.02082429614186286,0.007176439344393198
rd_at,-0.026755777884589788,0.059971086632945744,0.05493204047346355,0.035731718643471654,0.07527337238101517,0.09624993008846208,-0.013259863350200282,0.04327249621336263,0.02636582389126127,0.01818824801839654,-0.03665130440651905,0.5311637036755303,0.045822069087205805,-0.07883463386891543,0.06216434686111931,0.016438309308284587,0.05978925546641677,0.06311194480692917,-0.005165122622262303,-0.0036201120296404576,-0.009653524382466961,0.008926010497027735,0.0728427420687333,-0.005785372463874029,0.01589128594442796,0.02752936436600355,-0.034309632627510626,-0.004725501589557391,0.04292438666140631,-0.011729582520075664,0.06866494464391155,1.0,-0.012224508580028735,-0.0006442020342494642,-0.059893807719764415,-0.029669162174337797,0.029343519049696315,0.10569506864856357,-0.023067754739542645,0.017912626773593617,0.021241522331997307,-0.14548634840994978,0.015034902163613292,-0.013590065201755453,0.490402819357704,-0.17218404229849946,0.008104108736642432,0.2526602820784531,-0.004247214256835806,-0.006651829662622422,-0.004777127112873138,-0.03871496212409399,0.008845531584792362,0.05395589996548149,-0.14142347096881053,0.01651735402852777,0.021021662731847447,0.056257220269722796,0.46489420717465146,-0.2435810245732493,-0.024766252386107572,0.0028225756608370426,-0.0021161951868935674,0.017239272517179677,0.07619456476131957,0.012132897598900011,0.13745915872237793,0.04139177516489939,0.052380474798172164,0.18894885658466049,0.021741284800216705,0.08745525623490447,0.09899057349035684,0.11040405297521275,0.07968466012254727,-0.014450779765130333,0.09309299469216897,0.05138938302343613,0.16670383694661142,-0.02169393898271758,0.016188104236439703,-0.07352907928490776,0.04469987065458092,0.0859680337625481,-0.008165376157837499,0.05780532043447371,0.040688463592784434,0.0032639093284340674,0.09477551664818323,0.05428296792278566,0.10745369061030129,0.009742299073124348,-0.21631645483150422,0.034144551192853645,0.018603169956657516,0.013299841354264617,0.23478192468193676,-0.0017312160943863677,-0.043724334930942965,0.028610911474205507,0.12744865643689252,0.07318588467988013,0.13274532639931447,0.0735118610345929,-0.12791325695622943,-0.18026088410546393,0.09252339888514984,0.20526516523886565,0.04376545347957521,0.18039626980771786,-0.03643552680681292,-0.02890742186209725
sale_inv,0.09504448486732675,-0.00854132439796191,0.053720433885657004,0.0018775596663733701,-0.08901224701428778,0.0103618794250089,0.06433945538947726,-0.09714456955483203,0.022518370968047055,0.0573060666724287,-0.07976933777038143,0.003108904189587307,-0.032993170527340084,0.040731325101848626,0.014502314640662123,0.03318113278166046,0.04168873411459255,-0.02887825377483557,0.015995135655028976,0.12383222258285262,0.02405104992073805,0.016474879447909135,-0.0165197478482938,0.020626011275991046,0.020156282143519853,0.0495179383038299,0.13410533881014866,0.04714157088008578,-0.098132227405983,-0.018463191075867507,-0.002914618734946015,-0.012224508580028735,1.0,-0.025315591682323536,0.037510387571568424,0.03987708204168653,0.04181718299744014,0.04139298074681573,0.01851251330584466,0.0378814659370573,0.03742669340470285,-0.0212415479236863,0.027942028286724666,-0.0021716170035073774,-0.004416185866675721,0.023400360644641408,0.012690789371041337,0.012620806713329677,0.00981077713021928,0.025732390349182593,0.0150085616780336,-0.0034970973562727637,0.01626408794282801,-0.005422746874820546,0.020441639372153597,-0.021321495166755917,0.03872748778456789,-0.007090749076585978,0.05535647315459215,0.014411288973018292,-0.030067160739205363,-0.03466222012383907,0.02326734102850671,0.039496215198002435,0.003669521401965493,-0.05535319692039374,0.03833251050034072,-0.031970216723699624,0.010968757637466015,-0.050074476536735794,0.0870465737627953,0.04093759044388795,0.07127906641156768,0.04690025189494412,0.013775589121063673,-0.0618730575201975,0.047012264307183575,-0.07188850515434184,0.050785627697645004,-0.05001304765327279,0.06253829327847192,0.06310783060202971,0.009434265014519893,0.05828437039324817,-0.013053378960834808,0.08061453916306273,0.010403269794823197,0.014616371075007734,0.052923300076515606,0.04999664134871807,0.07288504249968084,-0.03000885446663042,0.015250308088226026,-0.007460249149469152,0.043988168959774476,0.03847210245852934,0.22914828960032987,0.017124573807261338,0.16909852114053045,0.0059643454053573955,0.05042143730257943,-0.07636614924858123,-0.010390429992893514,0.03998525848438531,0.01927024816855367,-0.03424262056249521,0.0180041140480735,0.04456879326311607,-0.16904764621841137,0.03470623013803936,-0.07066837209126615,-0.02383791261234743
turnover_20_ff,0.24134029258384754,0.0018580394317509559,-0.008645933099414506,0.42046637890645067,0.2929535186253851,0.08200585382020177,-0.06214344779020391,-0.0017589880408226777,0.11060379729045605,-0.08448266639130779,0.35612982914721325,-0.151352522759092,0.1354684208856207,-0.16299651027576298,0.2895003596248527,0.2771809774321819,-0.009974416532633876,0.11832717306627764,0.26371724424642573,-0.21327806787839224,0.8770337233288019,0.14931802123017662,0.5822226717067633,0.002855592860748074,0.1314145350735827,0.21421281443252635,-0.27864783472967863,0.028997387159486767,-0.15281138769413857,0.19452297337630764,0.5778432964663052,-0.0006442020342494642,-0.025315591682323536,1.0,0.08581131119195304,-0.07524616051748291,-0.3501584921333678,0.018971542156769685,0.05136364669784842,-0.05913415394077204,0.05367825398470033,-0.13822064686876376,0.20424078346364372,-0.14827981427791062,-0.06643191798663572,-0.20476398079517127,0.16214814724333396,-0.03313043143392238,0.06351335220168058,-0.006300172615353372,0.14539190712372344,-0.30880930662297335,0.18218359479968194,0.703794852894579,-0.006794887276858059,0.02211798081150246,0.2165484950963357,0.7160481616608589,0.011241367120996043,-0.052015987445278314,0.025665839595872205,0.005364445896414621,0.734269449631423,-0.02968596430636541,0.7077043717101402,0.8799861851741883,0.020767060146632148,0.006643266756178044,0.6333850943425859,0.0021745132971754777,-0.20670788250704697,0.02790841202807314,-0.017709037184369215,-0.04090722735014787,0.46991440076118973,0.2872351170403507,0.03261988838465417,0.3013253996413951,0.004350111593015975,0.29480952680083183,-0.28495904498262997,-0.08114990421228364,0.564835296193246,0.027190143048404603,0.0190068785397797,-0.041177089754441884,-0.23526312416869966,0.05978353409560259,-0.04034007237669818,-0.04108002522406271,-0.018471507991493785,0.02457116381299109,-0.0292214252668977,0.11025917544239604,-0.23562623989833612,-0.0062467105431037815,0.009463888278286595,-0.001865238402251943,-0.19457418822137398,-0.005873592404939375,-0.08099483545491523,0.00901474568040329,-0.07753825389345366,-0.002975765252169765,0.009022938795033044,-0.30202482068457853,-0.019563213763915926,-0.23841747919634282,0.1945579251499635,0.3003639385181492,-0.005163501889132784,0.006292646872275618
sale_rec,-0.16903676187401837,-0.0011076609150780386,-0.013723274547979997,0.03311381804934673,0.06476364673217201,0.06653438520597611,-0.002363993729928826,0.2084803426656169,-0.022462968554470303,-0.04714104647677271,0.16350721408562977,-0.06020778455717838,0.12495535554005967,-0.176688372023735,0.042815226379267386,-0.01395793537351895,-0.0032198493921396496,0.15152139785679816,-0.02008719535098705,-0.2342273972623911,-0.01710369165559555,-0.007362971538569243,0.08439670953424452,-0.0009275304541987288,-0.0204503028043371,-0.013427515128775436,-0.2941708861388723,-0.02963670369203524,0.2047095695964744,0.02184098641197408,0.06323016371940629,-0.059893807719764415,0.037510387571568424,0.08581131119195304,1.0,-0.07121297700866559,-0.05993703235791916,0.10138035857542281,0.00015396751401998882,-0.029069228613409673,-0.008034041150066408,-0.11867131610884599,-0.01148657413144808,-0.03256560179861966,-0.1724095604272241,-0.21477340664731767,-0.0047917675741409775,0.06842563824251106,-0.0038175389955178913,0.04420853303675202,-0.03586407689938574,-0.11860659942801241,-0.006725202590582398,0.04966865812469423,0.03990388345136902,0.06560963099115681,-0.011734879957060764,0.05623397862670757,0.08164306289353643,0.07746859466156936,0.06629612369067871,-0.04367382038167132,-0.008044024842679017,0.038522859363007665,0.052074353700293514,0.13859082715062282,0.08848995211040053,-0.04664981714149431,0.03491871315145481,0.24557238848728438,-0.04882754571656528,0.05625494025425997,0.09391705042044002,0.05207875824989871,0.03636331624133394,0.07177710745134856,0.045187146901894355,0.09054481059612733,0.0760142079318107,0.05824097230085167,-0.07069573346532668,0.08923020092478266,0.023860456895630502,0.04455851676845621,-0.013188964322210691,-0.03223939456691527,-0.001979440755766486,0.03644151452635478,-0.04323080042942819,-0.03129798231851419,0.03265804264843312,0.024250711952112345,0.06066612845977827,0.06942268268114687,-0.006686953478040799,0.00418322239634801,0.13029003912530868,-0.016487481012802115,-0.06863190370181521,-0.0018463179602047322,-0.11256593003016709,0.0009823440543651175,-0.09801786359721643,-0.10610999266000062,-0.0096032446396761,-0.07296543798361257,0.018221251495202394,0.09096817835089864,0.06870402261871285,0.07311871896025651,-0.05820106611697827,0.01593313167202112
ap_beta4,0.33247411091625684,0.018448869546971936,0.037434819564510946,-0.028859093528738673,-0.08336956354275651,-0.004515250604967516,0.08471557653888806,-0.3691151418208715,0.02778220166440152,0.011463576216179699,-0.21530495718463735,0.019692880511556113,-0.7810970528849884,-0.0010390613480568273,0.01599189287129846,-0.027720527701333417,0.06917891739694199,-0.4076200354629212,-0.06323471057913449,0.35292233512356974,0.0727832616620104,-0.012880745537965884,-0.06312803960676223,-0.04169328043871211,0.013788752158251484,-0.030964870693724715,0.33205846502004777,-0.0014570148014025508,-0.3541413620532634,-0.07802047474489993,-0.07373259601650586,-0.029669162174337797,0.03987708204168653,-0.07524616051748291,-0.07121297700866559,1.0,-0.024770020404711907,0.01603667852658854,0.0030948319821725635,0.09141212218237485,-0.017534550895827047,-0.035135486248035676,-0.02507768949622131,0.0023622566271571622,0.09689930625278959,0.05509377247900005,-0.010886488945979161,0.038803835076720444,0.00021271041021547716,-0.024794427118999908,0.061121865436202676,0.04253978835659138,-0.016645617641910217,-0.049590283221974514,-0.009349737115978246,0.0074624008265404005,-0.029089249043728463,-0.0559455175450416,-0.002394431221123414,-0.029439062268793875,-0.0014248631053785134,0.026633885854078238,0.18342973848125027,-0.019626095824679463,-0.06217833305947633,-0.04547192152520286,0.013917230952980333,0.03023859777164282,-0.03307421312166087,-0.26966367764400406,0.1188245533796909,0.02416051421670856,-0.010460841400306307,0.017244386606236863,-0.04719621749643145,-0.11940768152232721,0.025491243164869906,-0.07797033289245348,0.020548159586173932,-0.11622113056571283,0.1196051545215369,-0.01995604985196308,-0.03150627626460463,0.02343717192719107,0.18664180867930888,0.12126520047894102,0.0326314361169584,-0.023231649289836245,0.11727952145779011,0.06463889617349325,0.062412971582503064,0.0011870598392696025,-0.03515079958731942,-0.04475729556828292,0.047277800431991354,0.031721870581206214,-0.0397333159113994,0.04785509447487731,0.023789781997032813,0.035552124851654814,0.1078286310405832,0.029844255171603384,0.10208432208169142,0.033288289448616344,-0.020316595967718426,0.027105765473967283,0.044431542769041994,-0.0584843666122236,-0.02376100337503313,-0.026410512849983546,-0.0372968669793158,-0.007226509526980076
amihud_neutral,-0.30887846726417,0.09308188794156104,0.019891871797424666,-0.07478869275326147,-0.09411129414707343,-0.016653430878393684,0.055754620839969654,0.31743308019634775,0.06364015881542272,0.05597423666199444,-0.23676705128141023,0.04036192022513925,0.02646251485273651,0.20945297155003126,-0.16860199077502194,0.03742570770745511,-0.009027742828186249,0.03453735888964708,-0.00502479920273228,0.09754641299125039,-0.2623420041796159,0.1310708745161471,-0.27619436594735636,0.13170680712126984,-0.056077686572856014,-0.04187157293193853,0.2118930093301,0.14281894143514393,0.17224480817595453,0.07206932977922191,-0.2785978283069172,0.029343519049696315,0.04181718299744014,-0.3501584921333678,-0.05993703235791916,-0.024770020404711907,1.0,-0.05158486895473103,0.00960985706072779,0.021656430107385716,-0.01827202648698054,0.09748710723105514,-0.02106607658247839,0.07463322686093793,0.20511994701772338,0.1084664571899344,0.08360666561422897,0.015360302828729949,0.025543524650776236,0.011692022235325937,-0.09029787870786969,0.2854188838819288,0.0698961716381231,-0.12165370184234024,-0.004494914403648227,-0.08685843806704713,-0.033760368116743385,-0.1417473195039458,-0.007658906738215553,0.000753028807149914,-0.09740242499051979,-0.00868575361293858,-0.35849991102845735,0.022152585399353584,-0.10525361403951548,-0.4804607276816929,-0.05375125368039282,-0.03247797967424513,-0.04753329013655566,0.08925491528103659,0.0856605266673829,-0.0171705958473314,0.014885233510662708,0.03955677401815754,-0.03700018814367954,-0.10209650642186881,-0.023304618026888612,-0.10117670510488003,-0.04309967033077752,-0.10363751277073963,0.10112822353074773,0.03857402176451328,-0.03509239942094829,-0.01603005900079418,-0.1008926183512619,0.009000800451061237,0.08445098251252024,-0.038360781806784705,0.0021025902673484946,0.022542609629611233,0.02507483409276764,-0.0160222448239274,-0.007559010534927437,-0.08292431945199498,0.1102911943865478,-0.0041843572239188154,0.005990918712339686,-0.015793513740913364,0.07307250944431364,-0.0007659035314856588,0.08646012100697519,-0.01427320833393691,0.08482856936647452,-0.0012894271031171885,-0.01636638001777866,0.1125207160929876,0.02714543901835415,0.3132456631784432,-0.07306316023720513,-0.11212831578178688,-0.0049068040142136666,-0.01298510399845407
ope_be,-0.03521678591035706,0.11525396617680318,0.23207569730383987,-0.002366795137155177,-0.2654927565320816,0.13087508401452994,0.020868178941079948,0.012275851219035187,0.0038762123660548297,0.20724307822426866,-0.11902763278050263,-0.11309430288063549,-0.023474624056557473,-0.24140824695275756,-0.013585980876731381,0.04289372778293766,0.1960583822005856,-0.005467318443996208,-0.09023122043443545,0.05177322885548015,-0.0009654301062976042,0.0048346288207585875,-0.028411455415902488,0.022178203395285787,-0.10314487541045356,0.11923628835946165,-0.09441050292937436,0.1099439845552474,0.020798277300487465,-0.0328396200537115,0.026910832752929312,0.10569506864856357,0.04139298074681573,0.018971542156769685,0.10138035857542281,0.01603667852658854,-0.05158486895473103,1.0,-0.00012068635661458781,0.03604376858789279,0.1115173838649123,-0.13902583225597437,0.04775634320285601,0.0354682843801423,-0.09725120518560094,-0.23611045580017284,0.010020721051873686,0.45512303586178937,-0.01979697210720332,0.049736566397230265,-0.008670912444111651,-0.07880784226605285,0.01639858721719719,-0.01860760171861692,0.1914977885249577,0.5527429030921778,0.08373704897235161,-0.020710815856589387,0.5725374397084069,-0.2075758224938502,0.5447678022988677,-0.04362661517567677,0.03796333707681038,0.1637841928168057,-0.02803070420097746,0.05444551180127533,0.9214341475700982,0.24483968599650588,-0.005861781005353032,0.2355415523926566,0.4856919620996871,0.1806470267031831,0.3280563843030894,0.3086189576993303,-0.016932187462581034,-0.4130111098565219,0.20589427283004594,-0.22039304592587897,0.8260805417940073,-0.3783235732220839,0.41887691436717905,0.10489768040875204,-0.016032185787012296,0.18518582635212746,0.16708563897469744,0.28788432228325767,0.02955586369555472,0.26629703681482475,0.4754319245964359,0.11218634362962907,0.18798270452982005,0.056070707887531726,-0.2188622232142066,0.26519598384054266,0.18709148257095498,0.11424997565517613,0.25030974507563747,0.013031570288173415,-0.01800414712932611,0.12104248897580216,0.15758834255406723,0.16568020010689197,0.15084485727071564,0.2129834581201185,-0.1450094083435161,-0.16681356900400815,0.10624576450356987,0.23338418323783788,0.018061614179419646,0.16676788561270162,-0.10743145778223089,0.033830200659088414
saleq_su,0.030273679929264344,0.13359807607520838,0.28149168251074563,0.038174679590444856,0.09014598635756478,0.006263830146871203,0.0055026579410662625,-0.012898964708109095,0.02714540918401346,-0.03744219624246198,0.011350470014921782,-0.06798369289143578,0.011628790017442298,-0.03014945947802476,0.0028413276711778492,0.14505209496242755,-0.06545215461106223,0.017496893915743626,0.16005469375810083,0.02558887404108103,0.05230422712579677,0.053509477022802635,0.07192284653469998,0.015382898269574874,0.004647115942836585,0.16783705268272145,0.00924486890277363,0.12666792000630245,-0.030693147019843776,-0.025587326890415936,0.08134542523625687,-0.023067754739542645,0.01851251330584466,0.05136364669784842,0.00015396751401998882,0.0030948319821725635,0.00960985706072779,-0.00012068635661458781,1.0,-0.014932762851678364,0.09241831910167053,-0.03289233526318244,0.13170638663533213,-0.016065361769749865,0.014826447654965423,-0.03602693416419186,0.056897603258028666,-0.029940257736423167,0.44895615969758584,-0.018466309013670145,-0.018913097482281996,-0.008161493326750504,0.0821282813982885,0.05193267583821783,-0.002829535062775977,-0.0018149971310231848,0.1580933465307346,0.05430158785052252,-0.031418924690761366,-0.028627198695752136,-0.004632196291055308,0.00993639962519634,0.05762385881972688,-0.03548797752263873,0.07073946066293382,0.05321225192610026,0.0014795987873384802,0.02501322380570138,0.06822370866266818,0.017785867283970688,0.037597217069853174,0.46482252175657246,-0.036327878196342804,-0.03624811486342223,0.07208199923190342,0.060281001290734805,0.474697110530973,0.11645394854161537,-0.007322789039852543,0.10417576045985201,-0.055821328335534805,-0.05435020783636325,0.05260071012511918,0.464591206562516,0.03066324505213896,0.12673240097550892,0.02254011199203286,0.23188991220548588,0.02999285386729704,0.17793686074391793,0.001657898985292586,0.23089278964378016,-0.020270459703967923,0.18943462851419807,-0.07895537940963815,0.02630676420546002,-0.0411420633583962,0.007443722780217379,-0.07264705094609228,0.03896056496832039,-0.009127624114583358,0.11333513138561681,-0.012426856391934303,0.19345979328918295,0.004000437015391226,-0.0803926457830847,0.003242500817248059,0.027785727554390467,0.07263674595827957,0.08009819854137029,-0.008156833880288886,0.029814124839947324
ps_liq_beta,0.04366243359409818,0.0008201976010814373,-0.010926542721562356,-0.033524588284850464,-0.08968766496783605,-0.025661521451735194,0.041435582088300685,-0.074565038535611,0.016575011950010012,0.03005302288784535,-0.10111671761325589,0.022393433731109604,-0.08969444403773666,0.017622726230987283,-0.044166182597573794,-0.025902623433362776,-0.0030679238951869547,-0.09372613483758767,-0.04198608460788326,0.10523985814701807,-0.0038087279358022356,-0.009691760919545002,-0.08195840557260076,0.01103784497734163,-0.03647818901564263,-0.03694366334251976,0.10794877624019891,0.0019219544416897922,-0.06790212542455626,-0.0048487121311307675,-0.060529528449100894,0.017912626773593617,0.0378814659370573,-0.05913415394077204,-0.029069228613409673,0.09141212218237485,0.021656430107385716,0.03604376858789279,-0.014932762851678364,1.0,-0.020189881224658826,0.03966307815148027,-0.023769878644844936,-0.020230268137361167,-0.0031164468012394968,0.024619678157302337,-0.01610226153404437,0.047723012519678046,-0.015605833427902317,-0.0155230958888411,-0.013250403493757348,0.0199240204977176,-0.021678812391484406,-0.05441272148330228,-2.9664540769325484e-05,0.019476722654499963,-0.03309873580471311,-0.059975489152527234,0.03779381465484522,-0.009888752869572985,0.01881415093019652,0.006201812539651533,0.005005299185783845,0.008411548439117377,-0.056974146752528675,-0.08419814261326422,0.04208392684035192,0.008697431282804194,-0.04037924753774244,-0.050599553687496496,0.08995716249596977,0.009743123201489408,0.021778533128907193,0.013531912482270684,-0.03717692292620438,-0.10162073875404928,0.009238227307930008,-0.10321093973825224,0.0415216390513287,-0.09711056773238905,0.10056952170221464,0.01795679343637952,-0.03085190839829439,0.010861100636986181,0.0457355813143664,0.060804242469192665,0.017453913194979118,-0.017756603570823717,0.05118822547443433,0.037170524145064464,0.015251649734718346,0.0030360396739657894,-0.011989347590581104,-0.024247072520781426,0.08930045253774654,0.0012350373232313447,0.010888183528174333,0.007705127371418434,0.0607833995030248,0.005730599427772177,0.026660913205155862,0.003596251024165486,0.02470542358565816,0.012370669880968176,-0.007940017374078373,0.049504645810619044,0.019388701527720646,0.02663539752728323,-0.06076936785425126,-0.04911350314450427,-0.005885209174713492,-0.004215318605052643
ret_12_7,0.13412483097530653,0.09508918971090102,0.18198041408394577,0.03791306817876325,0.04968967561070247,0.013954314955794007,0.014646377832594227,-0.10741874752593655,0.018884051223191985,0.08353427304891237,-0.012930011743189904,-0.08726165233764707,0.03741496808930164,0.006053705618387347,-0.010611813517570567,0.0028860674611804744,-0.05785367816091352,0.027249905628329008,0.4925408472719166,0.09271039905490087,0.09053989814249312,0.015634128317624636,0.20083966054447044,0.02873526702701166,-0.03311855358602263,0.6483385950883149,0.08682504148884772,0.17046178008843435,-0.09619133889369141,-0.039438817943632486,0.27073438447273773,0.021241522331997307,0.03742669340470285,0.05367825398470033,-0.008034041150066408,-0.017534550895827047,-0.01827202648698054,0.1115173838649123,0.09241831910167053,-0.020189881224658826,1.0,-0.08107052870589167,-0.0004924591286358547,-0.039641029721568424,0.03689197517302286,0.0016345978654283158,0.004050114884865356,0.08692849931365586,0.08689901996031542,0.0032899636550198902,-0.04409622204463644,-0.021836204270131637,0.007992568716436067,0.06229287964716797,0.0032618850551143514,0.05921051534356137,0.2768439822408094,0.07092666092138054,0.08256065172643472,-0.09175231009514198,0.05665039955025532,-0.00830328249527367,0.09382069569000356,0.03524642998729182,0.07851150911787877,0.03998083106173993,0.11135886274676715,0.030339487472270367,0.06574919102506115,0.012624669193533916,0.056681990066844656,0.1274758530922002,0.04956563682522586,0.04493566291220798,0.06388724816113983,0.011255526734904724,0.13013797198763946,0.07203460185649554,0.11536288716471695,0.03874961874015771,-0.00877051863405803,-0.021398841779522833,0.04994674479644604,0.1280155241199146,0.0054474869553826554,0.08679814326373314,0.015401863925116025,0.14466996962326098,0.1253843019673587,0.048128771854059164,0.03026459905610819,0.06050548341274351,-0.075988949995883,0.12180559328666024,-0.06969874354395919,0.0556398074584146,0.03800018681423912,0.019474059992062795,-0.08078167828696035,0.04236594202309372,0.02712161130042013,0.032767250339245824,0.02638875141585086,0.058683651330586895,-0.025589978960222783,-0.170400104327822,0.0037705201224170295,0.07927501543554351,0.0807930310405444,0.1703574186753471,-0.006897579510235298,-0.009085521914132793
beta_hml,-0.1351840088700351,-0.10848450237697897,-0.1110734096516751,-0.1314861217311253,-0.39489199444602396,-0.2611620377917145,-0.08376160695660437,0.05491727134349252,-0.03305278436734605,0.09719517867256616,0.07708672601294461,0.09661892205180163,0.010085768018210447,0.24302448829701775,-0.21018217418003385,-0.016967394207394123,-0.2422090863501554,-0.01961093620562629,0.004557677493562451,-0.06605965118050447,-0.10421713803458013,-0.0007081920773222871,-0.31337221739419785,0.048574822093947194,-0.07823340524285112,-0.08764224971072722,0.05238180480554814,0.06947568079678684,0.04637769933290989,0.06504278878361992,-0.2888200187279796,-0.14548634840994978,-0.0212415479236863,-0.13822064686876376,-0.11867131610884599,-0.035135486248035676,0.09748710723105514,-0.13902583225597437,-0.03289233526318244,0.03966307815148027,-0.08107052870589167,1.0,-0.02212181184618677,0.040745493304163674,-0.05758779743729776,0.37074663285299925,-0.0019434754042434706,-0.2704133846184907,-0.008977146803926963,0.029777810524552424,0.07947573239553378,0.13783643150045977,-0.001947327877391164,-0.2295722877819971,0.004799809021051245,-0.17909330837519727,-0.0508447597972032,-0.24326865246545257,-0.1724286193920801,0.16920202928994454,-0.1691126656195612,-0.0297648393378549,-0.1759620077016789,0.06635913260360277,-0.25824481248968395,-0.21934580204300955,-0.1460291145906249,-0.11102592884853173,-0.19961252203680754,-0.3387414047435769,0.0779948190773159,-0.1168163887760133,-0.04137956339087278,-0.022619728504146504,-0.19141156132993614,-0.2472930861036459,-0.1298576348554703,-0.35772599501007685,-0.20704127369555933,-0.22143477579111562,0.24181826260579856,0.10633155167483992,-0.1604428076786318,-0.12016896615672,-0.06917929392986334,-0.12096305009107379,-0.010980802076355678,-0.06113656449981944,-0.09766626153394216,-0.0869844944307455,-0.08517731792364072,-0.007002742589616845,0.15543761094800818,-0.0515111881204698,0.23064907964549855,-0.00831212536061037,0.007787810916294395,-0.027034276577954715,0.3774189414198245,-0.0427431141784815,-0.04250276254030316,-0.07718522337284132,-0.04826142252377848,-0.09829575607810692,0.16043974469731398,0.47950843990099584,-0.09256852716655894,-0.3921612376808279,-0.3774547100970651,-0.47931463523202134,0.0026759334806828877,-0.024596419783515136
ret_6_1,0.15814765297997713,0.2078599141586549,0.18791803997185835,0.14331450144051053,0.15264105959199217,-0.010063301781159538,0.013143098469448453,-0.11004958143245398,0.03641989197723963,0.06565208958757043,0.010420486797143372,-0.10467322035444955,0.04425024523165656,0.012292180057182018,-0.04828608178076589,0.8829262984762382,-0.07375015960959841,0.04580223720776073,0.4845195306487944,0.10250994476294595,0.24207946576387218,-0.030361914275717453,0.09697667251808408,-0.006385245647976542,-0.020535097300898468,0.6147502278917368,0.09482065753862359,0.5142518682918451,-0.16612071965967212,-0.059567793068020056,0.15523737541791693,0.015034902163613292,0.027942028286724666,0.20424078346364372,-0.01148657413144808,-0.02507768949622131,-0.02106607658247839,0.04775634320285601,0.13170638663533213,-0.023769878644844936,-0.0004924591286358547,-0.02212181184618677,1.0,-0.03027885932287288,0.03607999407763675,0.000568315185073666,0.3772262857188777,0.062123765129952636,0.1871375710030246,0.008081427142454632,-0.04628338518449034,-0.0034151684773910205,0.5497115283517486,0.20774497329469369,0.007163201081386942,0.0214873183539569,0.724374031855978,0.24811015970072897,0.04685377252771853,-0.10014342218031197,0.015067846541260714,-0.014865546038541658,0.2295541112636786,0.03761146615407248,0.27508409277795925,0.16700794260973645,0.04755448142255522,-0.009822564672017269,0.17170198479898227,-0.030030074293766234,0.029634952596153036,0.10744284228398546,0.044190137620463595,0.04090305347222901,0.24368641332380495,0.07726502329101431,0.10766862967654936,0.1343626968930933,0.054771334313841576,0.11352453462772398,-0.07416525264554036,-0.0287075156103616,0.14262150586744474,0.10878581899899883,0.01032616539565758,0.0394767395035602,-0.08479255946609374,0.13570473773778824,0.04488245239336598,0.043429024846279134,0.022562323292996893,0.05394239670065675,-0.0794506602916621,0.1216130408744855,-0.1041625000457961,0.024546055624979825,0.02278764376341264,0.03071328247204564,-0.0991349673075228,0.01796956410184028,0.026145567830410124,0.0041426722876420335,0.027153881193087197,0.037536913595887025,-0.023529028933459373,-0.18571409983542217,-0.002769122342445159,0.030748524856787907,0.09918734035982185,0.18602790507621703,-0.002920405374240521,-0.012614139314437727
ap_beta3,-0.016866919858565466,0.058951481899349185,0.020906798346287604,-0.0891840957079798,-0.07574838269474533,-0.009287120286528682,0.022327951657950693,-0.04059376371593086,0.007914547827352084,0.01655499051053623,-0.15309199093906936,0.04847562378497021,-0.24863794789218846,-0.0249841674761809,-0.15895971014844198,-0.02535338445786693,0.03535735326785862,-0.09814076358727682,-0.0710102907862633,0.10883465486539057,-0.09264416533563435,0.004126157560092457,-0.19161367002747556,0.007729487705564693,-0.2065767600484608,-0.05124098766140275,0.08485174600323732,0.051788716185439294,-0.03679785899747941,-0.0027021574255947467,-0.15402684899079513,-0.013590065201755453,-0.0021716170035073774,-0.14827981427791062,-0.03256560179861966,0.0023622566271571622,0.07463322686093793,0.0354682843801423,-0.016065361769749865,-0.020230268137361167,-0.039641029721568424,0.040745493304163674,-0.03027885932287288,1.0,-0.010719942251847683,0.01336899413650584,-0.010081943442445084,0.051229360523362355,-0.008697934261704239,0.0066474072978676925,-0.09591972516587265,0.1095675749308734,-0.015019398298745469,-0.13214345459109988,0.022229874698413955,0.027852204395291267,-0.04126593536300797,-0.14191275331630546,0.02061353155824534,-0.01829379734503352,0.02724170678078249,-0.006471954550698478,-0.0620789920570822,0.014546194553421392,-0.14738227437794477,-0.14068881828609756,0.03270799036162366,0.008576735714174475,-0.10616436186598976,-0.03871186471977858,0.09376314914290614,-0.013541627602472829,0.02708977645944011,0.04071400165270302,-0.1105681180282479,-0.10398857389911849,-0.009814486283933568,-0.08612049713762275,0.04450018176029844,-0.10941715320398912,0.10387327054250044,0.025622333268340694,-0.09239180708083075,-0.011434869480340261,0.07016123138038885,0.029277176792661903,0.013511543928434464,-0.008907050825182445,0.041019665099823334,0.017982747053071544,0.02834351949178496,-0.020148593386485572,-0.025503316634108358,-0.019802418679753925,0.07645891963683768,-0.007210942025061467,0.016041970524233246,0.0022974505341256564,0.03184168089533506,0.006816719591241688,0.043194610084156364,0.010636661735509428,0.04177052843231639,0.02369333238053612,-0.020548387487926055,0.05739483781269553,0.030829986272788067,0.01607012509921482,-0.03182225123725344,-0.057410256164589626,-0.012052402499346472,0.009109887965874983
rd_sale,0.183968818487679,0.05820426663637367,0.04200033725322703,0.01776104518108552,0.04607369336224181,0.023471310459800585,0.08240870797956319,-0.19724665654508,0.030708514244096593,0.020060325194846042,-0.14373849999868546,0.22607062591651353,-0.08680868483086536,0.09984125467517221,0.10410641142417472,0.041866813610173595,0.0656083657854417,-0.08887941936329821,0.039862065688208326,0.2570381056462191,0.03184706493533063,0.02281734044934466,0.012745790753007444,-0.0012031036286651886,0.08434923254039632,0.05529973802012087,0.2783496746343188,0.04567423858794179,-0.20126956997120757,-0.06906684687381648,-0.015436813880153605,0.490402819357704,-0.004416185866675721,-0.06643191798663572,-0.1724095604272241,0.09689930625278959,0.20511994701772338,-0.09725120518560094,0.014826447654965423,-0.0031164468012394968,0.03689197517302286,-0.05758779743729776,0.03607999407763675,-0.010719942251847683,1.0,0.04428741528747125,0.019140926623668644,0.05239057729021874,0.01623127773745169,-0.04782549098467245,0.1128597245864615,0.1122568862077671,0.024357077222342427,0.029799809639955748,-0.11921370232975678,-0.30259146206124776,0.046061705561588714,0.026429002071860663,0.07796604739099984,-0.23428107831895098,-0.327117716015689,0.03425511988068368,0.03914643070357211,-0.032013039506395995,0.0410857314810824,-0.10343773153256317,-0.07663396578488771,-1.1032523881156373e-06,0.041319621321833686,-0.09415574347908813,-0.015001334624778264,0.05355842057896376,-0.03143843277445549,0.05958216629388165,0.042675719173686746,-0.010656925083001036,0.04921988777739768,0.021221394936724938,-0.04116765580371728,-0.007304536388547629,0.01065141388694111,-0.11855696164322331,0.027518898212168665,0.04420353159077685,0.003182713612976593,0.061444655491986445,0.02094185164003077,-0.039051665418861986,0.06321417783320285,0.0575112035325368,0.08370794709501009,0.011977946939953354,-0.2116948258504352,-0.05533960303226621,-0.020126854658098266,-0.005044530172488499,-0.2220587554292637,0.03043173782457123,-0.12502137463610336,0.008905099202592933,0.2910207037182012,0.020793579856100856,0.2879613627541922,-0.020520135783301717,-0.16101619545618784,-0.06434697855156876,0.04512490190370175,0.087395778265028,0.12503498555342032,0.0647027022871255,0.05599634950017912,-0.03175368759650488
age,0.18915519640072942,-0.04700886352534137,-0.0254410425755767,-0.09676105697176453,-0.2312059124632443,-0.4182812385032647,-0.006353077572697268,-0.2663178172899967,0.006020777729462505,0.17627139709743647,-0.14171200265672806,0.1565798601258811,-0.12327603861303453,0.5311338941298138,-0.12116629543102393,-0.0013716134650777231,-0.03027983100714224,-0.18115561918722503,0.04891872931468028,0.20152448038679366,-0.06892661438000194,-0.0012535875061090807,-0.22589832447592925,0.022873290574098325,-0.0002495381487647339,-0.01015500597223809,0.4452886757089161,0.05293338695816652,-0.25919330449413913,-0.013160420736654967,-0.2547052700213358,-0.17218404229849946,0.023400360644641408,-0.20476398079517127,-0.21477340664731767,0.05509377247900005,0.1084664571899344,-0.23611045580017284,-0.03602693416419186,0.024619678157302337,0.0016345978654283158,0.37074663285299925,0.000568315185073666,0.01336899413650584,0.04428741528747125,1.0,-0.0007125644616973491,-0.18367143238565478,-0.023773680187450207,0.010656393332034865,0.0439913172889012,0.22158915358166062,0.0013957287856393755,-0.16679762597456463,-0.02458551451194316,-0.3032066323484934,-0.003867317713882541,-0.17588307075933188,-0.19628882437230313,0.1620940513713376,-0.2899043358185573,-0.004655562404227446,-0.11483090245933313,0.07708447865994733,-0.18248238045085932,-0.2954863875765083,-0.23906677435199675,-0.12667041851170321,-0.13228935883319165,-0.5374850215974679,-0.010709895436280035,-0.13406617400283097,-0.08840034231574392,-0.10735643536372833,-0.1344538646139568,-0.1276881075390615,-0.1482754994595105,-0.25757232836708366,-0.28764521942997945,-0.09272405212635453,0.12304969852576568,0.0719772527414327,-0.10723490287844459,-0.1321396403321525,-0.2704086049644085,-0.1403991401200679,0.003923778159287323,-0.05447050293821785,-0.11702114187546447,-0.0838867807059042,-0.15810587719889568,0.005852995413046656,0.17408885289988596,-0.10698681031399938,0.04296971735578786,0.019481338481552153,0.025860424369407064,0.010343647033578587,0.3012105838384792,-0.05490108600839811,-0.11334348165076144,-0.12820815532678034,-0.11769005586859288,-0.11440064594658084,0.22229524879384904,0.23939578212214999,-0.18246741934399718,-0.3418891152401366,-0.30131943311817766,-0.2404794538334497,0.02168166380005151,-0.05846765926706017
ret_2_1,0.00568842546492936,0.111288733818648,0.07171077478928631,0.11654464159532231,0.0811382317707005,-0.004340137684331189,0.007424178764422318,0.029184618978340005,0.034802439759264024,0.025580539946141158,-0.00350731270111227,-0.03995450685705049,0.01679371831864789,0.0076390848415890614,-0.033875114636350026,0.3190311537159933,-0.030026249689210846,0.019261740243680277,0.19073792717111548,0.043398245445552944,0.17960940241179044,-0.013811471301779883,0.0005409104383882319,-0.024792919544143404,-0.011479345703262749,0.2534122980729832,0.04087337686701155,0.3004975033201051,-0.10471170757880464,0.00972689286657257,0.015174477832718601,0.008104108736642432,0.012690789371041337,0.16214814724333396,-0.0047917675741409775,-0.010886488945979161,0.08360666561422897,0.010020721051873686,0.056897603258028666,-0.01610226153404437,0.004050114884865356,-0.0019434754042434706,0.3772262857188777,-0.010081943442445084,0.019140926623668644,-0.0007125644616973491,1.0,0.025536233011032444,0.08735361346613627,0.005944065061819043,-0.021304446046883457,0.008653526416914229,0.626225384850698,0.15191717753935405,-0.0007080935247505786,0.0025339219800764906,0.30450666413353944,0.19618531597397915,0.0153651138284487,-0.041443844322287975,-0.00034794673808205296,-0.00455302359250622,0.16466477198522203,0.01533509988639378,0.21206164548123504,0.13383965959711963,0.00887939589449604,-0.00874951155573256,0.13207151992018298,-0.03677875138356823,0.011371916072053685,0.04223358491320168,0.01758438481184245,0.016518480999560915,0.19742528528595513,0.03998597771471479,0.04187778125896179,0.058709533576228934,0.014893733732442875,0.05012372374814255,-0.039621681314399505,-0.011103683980972256,0.11361468285481705,0.043042141657388996,0.0008885311303290891,0.006866239279735105,-0.11560945063065249,0.04801824969097345,0.005452441805747746,0.015692967882357616,0.008672011155139634,0.019420724779662002,-0.03237622553223426,0.042021875333798725,-0.045797405114196964,-7.992136117947306e-07,0.006094535423725157,0.0251302939701812,-0.04375431269363334,0.004207572043394827,0.012681421094634845,-0.002155320591145809,0.01263510842812954,0.011262399796472004,-0.01289100168759739,-0.07256753861434892,-0.0005446534999608931,-0.016421232074240115,0.04376629610988251,0.07307544117330617,0.0016880042032736348,-0.006148295884536624
qmj_prof,0.024067195871939836,0.23503102156985461,0.19923853105161773,-0.0015473150968225032,-0.017273803756811472,0.10348998409115764,0.05787536380490413,-0.053322658921547146,0.02280402813962066,0.3667637786177178,-0.15307834091928502,-0.007688054353895488,-0.0582159194273162,-0.12893767405086554,-0.05523424651808412,0.06350900733996033,0.16259957818001056,-0.03671268981087518,-0.023228157250173152,0.12328692313760345,-0.011773015537387143,0.02511446974570251,-0.035064700432100714,0.039704590073748686,-0.11919729543426483,0.1086406402620899,0.03608815991910161,0.10821890413883851,-0.04934350993344316,-0.05293747532462658,0.013616780646916954,0.2526602820784531,0.012620806713329677,-0.03313043143392238,0.06842563824251106,0.038803835076720444,0.015360302828729949,0.45512303586178937,-0.029940257736423167,0.047723012519678046,0.08692849931365586,-0.2704133846184907,0.062123765129952636,0.051229360523362355,0.05239057729021874,-0.18367143238565478,0.025536233011032444,1.0,-0.002006072079429326,0.2282824247544534,-0.09124125101487299,-0.049639375833519045,0.03504351108127599,-0.0108449532351295,0.07735716373790351,0.42924202443563936,0.08718410907571172,-0.013974442965735972,0.6377816771765702,-0.2663746189023507,0.4247748905295139,-0.23280982272638895,0.02147391121672749,0.3972863917566563,-0.007945922304689445,-0.015107314333744355,0.4442885999426849,-0.2128827187369565,0.012117820893326555,0.19760055112100258,0.34811175259486055,0.10029150503579555,0.6243794311947609,0.5477727589476742,0.008248269411396846,-0.18742397675814673,0.09559458628597844,-0.08849002417487595,0.5471945545644209,-0.19145242240964502,0.19350420069070096,0.36636420591222435,-0.0018418182789037697,0.10541998126587888,-0.006120933262328723,0.09423368808095242,0.03053403178024874,0.14254421695109756,0.26569948208682914,-0.0029537899595739998,0.18721798085826163,-0.006757876155209182,-0.26983776635988593,0.11471906178941156,0.13581829490726427,0.09563962890807257,0.09378204901133609,0.018860891485674984,-0.22245887149522472,0.06386117212067123,0.19049709612746468,-0.040129289511160855,0.18490156226388174,-0.002317964954438446,-0.3003889531258097,-0.24667293194708928,0.12723128099126638,0.28721206046209385,0.22258289344944143,0.24749848811764816,-0.02698844348060385,-0.053851895797982975
niq_su,0.024760151796380064,0.19475076933300928,0.5252227490194648,0.04577595299886189,0.09495942181408398,-0.018536602218732687,-0.037928111395327334,-0.009556113103651778,0.035714709730335796,0.08530253581211447,0.017854540401283384,-0.0389677915430054,0.008898965886332036,-0.010003866964326065,-0.008761581236448426,0.2078802168414528,-0.13055180495898092,0.013508940840284424,0.22241832657847962,0.02852007223363734,0.06910304795179904,0.08109515395991813,0.061588096862387545,0.023622406249369128,0.011462952218769218,0.2027823678257262,0.021117436145234442,0.18190628902987066,-0.04174331712895348,-0.03488975331374754,0.0791275499539046,-0.004247214256835806,0.00981077713021928,0.06351335220168058,-0.0038175389955178913,0.00021271041021547716,0.025543524650776236,-0.01979697210720332,0.44895615969758584,-0.015605833427902317,0.08689901996031542,-0.008977146803926963,0.1871375710030246,-0.008697934261704239,0.01623127773745169,-0.023773680187450207,0.08735361346613627,-0.002006072079429326,1.0,0.015580404196336984,-0.024308106624310162,-0.004340501764204795,0.1275982366014575,0.05384096996581608,-0.0022999579039190117,-0.02798308201013049,0.2072435173119881,0.05651265662876939,-0.016548275609320772,-0.02492603322703614,-0.029970171878700467,-0.018312118037257744,0.06340642187293744,0.037455676703560536,0.07569505283144062,0.05272398835566842,-0.0211148702939696,-0.06105880153240904,0.0823165099642461,0.0016396347654789197,0.06703164798107003,0.2399954144127321,0.02763693467626033,0.017230723265789713,0.08624817135003823,0.05228117950525187,0.2395963767161552,0.1198145719378822,-0.027308703877648804,0.13542058365628776,-0.043907569138265407,0.004045161374659929,0.06212598511028635,0.24445845247144546,0.01921437499065001,0.037694407167774654,0.03821812940519356,0.3520326935221875,0.012460463087560656,0.06436096166970504,0.0035905433087113385,0.141577261309064,-0.019076240881747853,0.3910794729511171,-0.10537043405278877,0.0385884186874122,-0.0055524722916705585,0.009379880000169864,-0.03806084904490738,-0.0063599755723074145,-0.005280209112794516,-0.007079206866853836,-0.007932128056654993,0.06522702915257825,0.005497456046836559,-0.06180923812719774,-0.027805831337467883,0.015527779951281281,0.038067942426754806,0.061364097758607905,-0.010352853797946548,-0.00579294487849964
ocf_ni,-0.04127767050898136,0.0218716163653613,0.006642296060678204,-0.013632237466172951,-0.006879762970132709,-0.03287977257306918,-0.014846533605408684,0.027917061273908243,-0.010371641779191903,0.35434594456630164,-0.0016213552003219818,0.030431056783047784,0.021992778891306283,0.008511432206743937,-0.005187648442574249,0.010212232579017844,-0.02206801672418789,0.018859766179290607,-0.00017803629550162546,-0.03141376673555297,-0.01893391896470662,0.00790743467185799,-0.03751886050335625,0.011232878430551055,-0.006095218299252904,0.006099910985185575,-0.023106878570069118,0.023724227903792423,0.025139214593089654,3.067120285971784e-05,-0.03862834406943281,-0.006651829662622422,0.025732390349182593,-0.006300172615353372,0.04420853303675202,-0.024794427118999908,0.011692022235325937,0.049736566397230265,-0.018466309013670145,-0.0155230958888411,0.0032899636550198902,0.029777810524552424,0.008081427142454632,0.0066474072978676925,-0.04782549098467245,0.010656393332034865,0.005944065061819043,0.2282824247544534,0.015580404196336984,1.0,0.0024212004056120987,-0.008126646813273516,0.007993745226255315,-0.026738429524157805,0.11561804612731134,0.02352653871599791,0.00657207216696599,-0.027855325143225727,0.059653221466154205,0.05853624021282594,0.03914229504910619,-0.7472461081059731,-0.030689459783243094,0.366558232689496,-0.032488577628690854,-0.01268659213371682,0.027402388657836327,-0.43298813120748825,-0.021613355712889255,0.005138249951794168,0.06223208477147816,-0.008847874139666551,0.45135927090449657,0.3540306612006458,-0.024755306185006182,0.0885004383538159,-0.028498856325119688,-0.08751783643895193,0.024580454577989914,0.03661956035939812,-0.08116775118502853,0.476843508503961,-0.020257625611617446,-0.006723751506637791,-0.030289727415292098,-0.04436081322535045,0.0022206759033915557,0.004701955077999794,-0.011288891366604568,-0.05557146347461773,0.039424024022042675,-0.01170992412541596,0.042686847445606434,0.039680127438867334,0.011075078785388548,0.07742829128717764,0.02706972550883616,-0.006845395167892219,0.04525795082095428,0.00023719175472401054,-0.013712986050296978,-0.13579260029783302,-0.028153024434817358,-0.12625987194585792,0.00739265962203094,0.0497507981872254,0.07097061317945944,-0.01637374918592605,-0.045213020225365476,-0.0487340843503361,-0.03852148642104609,-0.04644365259282875
ff3_betas,0.20636423456103026,-0.08179799181852648,-0.045129980447198105,0.08881947050289604,-0.06056197023487703,-0.01533335569895159,-0.020155668868015102,-0.15271116412304916,-0.013030945071644278,0.003874194084081611,0.07237268927646931,0.031264180262242106,-0.06247232004436583,0.03136537485808659,0.8105229163241965,-0.050154026024636436,-0.03307501679286919,-0.10553278958426128,-0.04304067264010467,0.05935218381498855,0.15603478902262216,-0.02609925161105468,0.25189338994512167,-0.11905711136646444,0.3221214678647651,-0.0646835952343081,0.07545079455445859,-0.17704105543148388,-0.14375974264621097,-0.06666981993106101,0.0658737408313379,-0.004777127112873138,0.0150085616780336,0.14539190712372344,-0.03586407689938574,0.061121865436202676,-0.09029787870786969,-0.008670912444111651,-0.018913097482281996,-0.013250403493757348,-0.04409622204463644,0.07947573239553378,-0.04628338518449034,-0.09591972516587265,0.1128597245864615,0.0439913172889012,-0.021304446046883457,-0.09124125101487299,-0.024308106624310162,0.0024212004056120987,1.0,-0.2647277787011025,-0.030578792303431593,0.12571361694752392,0.012127416170364693,-0.057572158632993746,-0.06018268386944249,0.1495061721082434,-0.012625155047512304,0.061817415733380614,-0.0634485040041812,-0.011706687557375943,0.14460456539874975,-0.00028703325960679425,0.0838713269063814,0.12080814777674742,-0.007802478692259626,-0.0075321317478828,0.10760930554418056,-0.17215041409468684,0.027948440407238935,-0.03577729088073674,-0.010053060802091809,0.012170013602634753,0.04548603441179791,-0.04214902024225961,-0.04053021708257179,-0.06788333701722706,-0.025795635206379987,-0.04681520235965507,0.041571884213753706,0.02011891424537284,0.08212387425087803,-0.03963151897700336,0.022514780515473596,-0.030169061152047105,0.0014975249523270751,-0.03193314208322413,-0.006798925381436068,-0.026135409266241253,0.003326570144751463,-0.005764669467665866,0.054418168109466585,-0.0191121681821965,-0.009864140252449818,-0.010435652341958992,0.014431822750748205,0.02797598318440523,0.08331605682628718,-0.006469945756265924,0.024290436360855497,-0.005584728217334496,0.02410439302430103,-0.0371916498474577,0.03813763777872357,0.09537331824210266,-0.003946152995115648,-0.15833331452910787,-0.08330564536695796,-0.09444075538323025,-0.01604778469451063,-0.002568306854701967
zero_trades_252,-0.051943369832247205,-0.007798405613924736,0.012143111696869817,-0.0988286105295911,-0.14312455484216108,-0.0947696145161283,0.029019919753652184,-0.021164141083000767,0.03143052655372826,0.020193606331022598,-0.29110384478618073,0.11179689589979372,-0.08568662219959243,0.210270934453542,-0.3934298274302379,0.0009217224191319188,0.04205006787421426,-0.06213245496410909,-0.03967188910051473,0.18666563684460777,-0.2057724523426195,0.016433375077399094,-0.2608566661532877,0.05105514912373709,-0.10669188543824479,-0.032055945895357,0.25556309529157756,0.12573070123786848,-0.02587816647880632,-0.0021104143026361875,-0.20280480151124702,-0.03871496212409399,-0.0034970973562727637,-0.30880930662297335,-0.11860659942801241,0.04253978835659138,0.2854188838819288,-0.07880784226605285,-0.008161493326750504,0.0199240204977176,-0.021836204270131637,0.13783643150045977,-0.0034151684773910205,0.1095675749308734,0.1122568862077671,0.22158915358166062,0.008653526416914229,-0.049639375833519045,-0.004340501764204795,-0.008126646813273516,-0.2647277787011025,1.0,0.007394804859528084,-0.14289241053930302,-0.017301373208000254,-0.10456168439315476,-0.013663030757376828,-0.176734643632322,-0.08067998126154843,0.03016051833095836,-0.09466004315565558,0.0062051984395656914,-0.23948170630505863,-0.001421234073253196,-0.13540005081175385,-0.38170430768358315,-0.07715312533155544,-0.009010363588181363,-0.12697212445543463,-0.10368369247889277,0.0574668232120609,-0.02078630567348286,-0.05079752956644128,-0.04217865862033034,-0.09705536911114694,-0.11396080356124885,-0.017813009256070534,-0.12705737543906181,-0.09246509496780549,-0.1054191966229311,0.1120706149505407,0.0017521346856885856,-0.0984315736921119,-0.016326095933406795,-0.049236189261986536,0.03536937539042914,0.051870887835430354,-0.02641805354655332,0.005598017695942953,0.04711095388864007,-0.03998383216171647,-0.007610923935596663,0.029378780074588738,-0.0627579938072435,0.08377780795134346,0.018201985060695824,-0.0315299832888009,-0.004892473547607525,0.10637235052444106,-0.014533479395030179,0.0008704870328108681,-0.014331282300261606,-0.005012591116000311,0.021203877409157756,0.07548857282371906,0.09862778284336575,-0.02490071307451256,0.06741117648090031,-0.10644025185670625,-0.09856409360338875,0.009213759323725276,0.0029285786018085048
ret_3_1,0.035909610057107876,0.1535779904986757,0.1077295803002037,0.13263865041914702,0.11284884374139968,-0.006372104678872584,0.009417946770708771,0.001996331214502174,0.022172226275933432,0.03768656738043929,-0.00024323878578992855,-0.060864977703634644,0.025570013088305223,0.011474639985685146,-0.042807517462604264,0.4741562390759441,-0.04358223376693719,0.02652290228221049,0.2821554038043677,0.06306362337559926,0.2066618807742618,-0.03834842971170611,0.02048425012783571,-0.023056610662621945,-0.013103425087500413,0.3679603822050926,0.059601375908427914,0.3976841771542715,-0.12965333981934835,-0.023559626310035563,0.0465445651015559,0.008845531584792362,0.01626408794282801,0.18218359479968194,-0.006725202590582398,-0.016645617641910217,0.0698961716381231,0.01639858721719719,0.0821282813982885,-0.021678812391484406,0.007992568716436067,-0.001947327877391164,0.5497115283517486,-0.015019398298745469,0.024357077222342427,0.0013957287856393755,0.626225384850698,0.03504351108127599,0.1275982366014575,0.007993745226255315,-0.030578792303431593,0.007394804859528084,1.0,0.17879740389606666,-4.5094211161917784e-05,0.003481313334158117,0.43732310678176456,0.22595009713988196,0.02197371361313523,-0.05974137790452944,-7.047600950187941e-05,-0.007072381892598899,0.19159699280557474,0.022965070553309472,0.2447510841634554,0.15004158768105455,0.015720582657551684,-0.013159604472328045,0.14336395422117348,-0.038343812265264794,0.016780536812145013,0.059888834811327785,0.026083060390157446,0.02396335708993566,0.2250443040972434,0.055742933104608136,0.05949399450931325,0.08367756875166114,0.02203755160560468,0.07206155876972645,-0.05439197014924342,-0.016446486330423324,0.11950695987240527,0.06086937444493092,0.0024639714544645703,0.011035877699142722,-0.11461024093204156,0.07443410129153806,0.010116943969980662,0.02136041124200434,0.012592664281311172,0.028217363824554836,-0.046574634169209664,0.06653961840369411,-0.06566157613389102,0.003517978280043982,0.011138323070608733,0.02851624128948596,-0.06126309680353265,0.007225695729128104,0.016738606378784344,-0.0031949287016351173,0.017132658133146232,0.01639257053945381,-0.01544807675479193,-0.10670468636938979,-0.002180207309957126,-0.0046124125148013576,0.06127727416059944,0.10726274192438054,0.0003199344524760362,-0.008321625752715884
rvol_21,0.2112800862727413,0.018060160829174995,0.008203672001591176,0.5807494467637547,0.3459583151954118,0.11339227170775003,-0.02954516909239124,0.03143250007788788,0.24166955580377683,-0.11694643825168302,0.25963903589563114,-0.15514375036360217,0.11014517428685593,-0.12205474179174709,0.2793266167680854,0.2977176157896676,0.032704217726799524,0.113056627894866,0.27424209679448003,-0.08218885654589295,0.6379055648257321,0.18989021631703318,0.5960300766773204,0.015467414530266357,0.1594803411018698,0.22013550234915058,-0.1327758680401643,0.029617635627808687,-0.06593338540808318,0.2878401443042062,0.5808483066552681,0.05395589996548149,-0.005422746874820546,0.703794852894579,0.04966865812469423,-0.049590283221974514,-0.12165370184234024,-0.01860760171861692,0.05193267583821783,-0.05441272148330228,0.06229287964716797,-0.2295722877819971,0.20774497329469369,-0.13214345459109988,0.029799809639955748,-0.16679762597456463,0.15191717753935405,-0.0108449532351295,0.05384096996581608,-0.026738429524157805,0.12571361694752392,-0.14289241053930302,0.17879740389606666,1.0,-0.03184410827517867,-0.0015894603041088722,0.22186432440529186,0.9149500594855822,0.0026785635263249325,-0.10033402734322935,-0.0015569841745323397,0.02477306367619452,0.5760101326208714,-0.05621824293053611,0.8733102413199153,0.6544523919139188,-0.009639586486404688,0.01569635643687866,0.8736986669415421,0.12409281050697528,-0.2564444507735997,0.026677744639764307,-0.03686746260083786,-0.049022474808145526,0.5569782337718975,0.32359205127792084,0.032506352004077185,0.36098609642392965,-0.012225072227772521,0.32359103557117025,-0.32120855617430377,-0.13125619351670875,0.8268856739643712,0.027964738743706866,0.025577986850101576,-0.017042983101841772,-0.1721076332967872,0.03792402482508139,-0.0363615568960279,0.0011707467150018612,-0.010519044470972985,0.008622222562015686,-0.06449571861932395,0.04748047496431982,-0.26777015153917444,-0.01312170019483689,-0.022680873282388908,-0.014923113513405643,-0.26500048261204845,0.0015539015813342263,-0.040399484839492864,0.006797681339899592,-0.03944134749466742,0.011483939666852695,-0.007752026556909238,-0.3786128809763682,-0.0002761080043723278,0.03592639980310052,0.2649690082877722,0.3758706202291322,0.0025482648281738136,0.003083358089002193
pi_nix,-0.027037939615797507,0.0016009909998252092,0.005807676056104958,-0.016166419945001457,-0.04425661500786724,0.005980406127423638,0.00460542825493166,0.009551814321511178,-0.011142654386934136,0.10600330457490559,-0.027948856229298543,-0.08991569457105167,-0.004054155673369852,-0.04333250552162991,0.0017424167831460832,0.00317074615259146,0.006424522915001284,-0.007122287805230147,-0.040449706334179825,0.0041857737051471736,-0.011176636477284134,-0.0035951061819497706,-0.045585517502832004,0.001943675560408306,-0.01110032874433036,0.007923213730861078,-0.021141771998868,0.02299452317440594,0.011400974550522037,-0.00499986662914217,-0.04063698870855897,-0.14142347096881053,0.020441639372153597,-0.006794887276858059,0.03990388345136902,-0.009349737115978246,-0.004494914403648227,0.1914977885249577,-0.002829535062775977,-2.9664540769325484e-05,0.0032618850551143514,0.004799809021051245,0.007163201081386942,0.022229874698413955,-0.11921370232975678,-0.02458551451194316,-0.0007080935247505786,0.07735716373790351,-0.0022999579039190117,0.11561804612731134,0.012127416170364693,-0.017301373208000254,-4.5094211161917784e-05,-0.03184410827517867,1.0,0.058944953771364154,0.008287724574236648,-0.032587035744742074,0.10898922437406748,0.042664599181533126,0.09068615278396107,-0.16212148692386652,-0.010709472232181678,0.0326049278693826,-0.04086063882622006,-0.004431187725288688,0.12074911762060263,0.03387763820090936,-0.02993666590726548,0.032030125441191146,0.11821041902911593,0.027717715928891922,0.05869928782625711,0.05304529750345987,-0.033270894194824895,0.016529318481004484,0.03193317647065092,-0.09538652949174334,0.09867072596875946,-0.029907494638538867,-0.010510476535071166,0.05919162873776379,-0.028695030739645234,0.02669666877806249,0.04839840075537016,0.049047947143147023,0.004264977605346375,0.11468558745831689,0.06917920892990617,0.013074231949489938,0.03789778550698361,0.0030610923827015116,0.029276246770357228,0.0299952799531546,0.031210299146090914,0.02132413123330825,0.09064985569827136,0.0009469755260671091,0.08673139719818584,0.021648541300137006,0.008652536655122387,0.037919776176356536,0.009417280005773377,0.03699110705617817,0.009569983534587032,0.05426214903975902,0.012001696460177246,0.018655638052020574,-0.08672970287201398,-0.052625264051355446,-0.03526249096166784,0.020257814447959103
netmargin,-0.07884358695580203,0.1047960746542093,0.13728166725987972,0.0038739272535066203,-0.038939904086813394,0.16476267763579666,0.038516948363484745,0.07008482813567157,-0.002389471415752989,0.09807927101865656,-0.04881960114879784,-0.18583482232224505,-0.010394223137067414,-0.2643778983319699,-0.01716909215595607,0.018482298097680715,0.10865086084398437,0.019025046650616186,-0.09859376023414246,0.00015318533521855055,-0.02248794698170863,0.0010857202332484749,-0.0004517952307846849,-0.006864504162456353,-0.08678834834529564,0.06142338697622512,-0.14874353933678988,0.05634836715612835,0.0760033676126609,-0.018192540891672437,0.043457207250471704,0.01651735402852777,-0.021321495166755917,0.02211798081150246,0.06560963099115681,0.0074624008265404005,-0.08685843806704713,0.5527429030921778,-0.0018149971310231848,0.019476722654499963,0.05921051534356137,-0.17909330837519727,0.0214873183539569,0.027852204395291267,-0.30259146206124776,-0.3032066323484934,0.0025339219800764906,0.42924202443563936,-0.02798308201013049,0.02352653871599791,-0.057572158632993746,-0.10456168439315476,0.003481313334158117,-0.0015894603041088722,0.058944953771364154,1.0,0.041779709096896246,-0.0010763825039237286,0.30162609453510014,-0.3303393313989053,0.9443482060025945,-0.028986278558419638,0.024375464316519293,0.0935699483326668,-0.006673346604149229,0.07818798510629912,0.6060751410536146,0.29066390241539475,0.0014192162312128818,0.26466326607966684,0.29852072221556486,0.08903611830832558,0.23071615671847687,0.31570170005248044,-0.0025056967597083092,-0.1715080268009556,0.10331066630333795,0.019966801613073067,0.7043555760017465,-0.1783348395566733,0.17973951134417374,0.014112438685506648,-0.006308360201820461,0.09126543841357782,0.11275807036362735,0.22390928384419187,0.034567983359708176,0.1521192163165069,0.43662192678890854,0.0765718999538109,0.2139462655814806,-0.012556886304208004,-0.3427432424175744,0.2064930532232312,0.11333230661910251,0.07036902132611542,-0.18001404422665693,0.0025460223704305385,-0.36701335504960103,0.10197263633047585,0.31730869907451537,0.09284694064510633,0.31675539582808154,0.12126865411299878,-0.4126335370912348,-0.12545254493433117,0.09528748407670516,0.2310371404802715,0.36707505444431293,0.12695035667377755,0.053825398809329766,0.02332853253888152
ret_9_1,0.22954355424612882,0.21780655529053278,0.24368297196440297,0.14718739751247173,0.16160171261467546,-0.00325615181421818,0.015353913663355926,-0.14593857075081465,0.04085333160798586,0.09103011103576013,0.016831547225295118,-0.13325006783222812,0.05569532737236489,0.007702767180961001,-0.04853978665697504,0.6494011016508474,-0.08564366248717871,0.05435305984576537,0.6285738286235664,0.12807400295554952,0.26116588204106267,-0.008319430756652913,0.17931283105251122,0.005138149761291943,-0.029684708554601223,0.7996884039289583,0.1169888368771966,0.5337928253261707,-0.1871921202037954,-0.06904259799329086,0.2704114369751351,0.021021662731847447,0.03872748778456789,0.2165484950963357,-0.011734879957060764,-0.029089249043728463,-0.033760368116743385,0.08373704897235161,0.1580933465307346,-0.03309873580471311,0.2768439822408094,-0.0508447597972032,0.724374031855978,-0.04126593536300797,0.046061705561588714,-0.003867317713882541,0.30450666413353944,0.08718410907571172,0.2072435173119881,0.00657207216696599,-0.06018268386944249,-0.013663030757376828,0.43732310678176456,0.22186432440529186,0.008287724574236648,0.041779709096896246,1.0,0.25746904264554726,0.07197071961474023,-0.13029662803930617,0.03523166435706033,-0.016545608280677485,0.2519978753418725,0.04733794698677363,0.28693666278805063,0.17853670771262123,0.08486190937193563,0.0018180008578330595,0.19249834209978375,-0.01947243547740708,0.042306280777067766,0.14820326844772297,0.05792764011338997,0.05285528088469127,0.24768798082420532,0.08308667939295376,0.14890786969698094,0.15974724501290247,0.0916136926733996,0.12746779887674467,-0.07919178495776807,-0.03703661938381456,0.1579864081165897,0.14966261294084882,0.015446039504580967,0.067926697457545,-0.06714040318867277,0.18239282430754516,0.08775082416336108,0.05562487206248117,0.0322977816815808,0.07578960948688737,-0.10470291937753166,0.16203276842062045,-0.12855584032103134,0.0426993079385596,0.03384170128326847,0.03196449163579347,-0.12893866135470206,0.032003912302825434,0.03340187876284053,0.016463940056365055,0.03470030090421162,0.056210601482417244,-0.03188652080480878,-0.24535147005703287,-0.002206763704445985,0.05837824576592579,0.12896886856805687,0.2456043894594741,-0.005384995725428934,-0.015231496568333168
volatility_30,0.2278449297280215,0.013426158615855914,0.0069196822829197075,0.533999226746134,0.3596233860250556,0.12014550814844945,-0.03296085390529844,0.03157539581316454,0.18998487512809953,-0.12268861130409234,0.2866291677943208,-0.1604602073845279,0.12032366143957993,-0.12764424969661364,0.31532563595484464,0.303203517760533,0.03405247059044811,0.12045277762188951,0.2867811200986796,-0.09587833779015117,0.6434361933223289,0.11690171260758081,0.642505517227805,-0.011179415131281602,0.1745799667883503,0.25548164740635143,-0.14652044033279712,0.007082129106045118,-0.07945823726741472,0.20665367188867637,0.6250425789585242,0.056257220269722796,-0.007090749076585978,0.7160481616608589,0.05623397862670757,-0.0559455175450416,-0.1417473195039458,-0.020710815856589387,0.05430158785052252,-0.059975489152527234,0.07092666092138054,-0.24326865246545257,0.24811015970072897,-0.14191275331630546,0.026429002071860663,-0.17588307075933188,0.19618531597397915,-0.013974442965735972,0.05651265662876939,-0.027855325143225727,0.1495061721082434,-0.176734643632322,0.22595009713988196,0.9149500594855822,-0.032587035744742074,-0.0010763825039237286,0.25746904264554726,1.0,0.0012067277595676576,-0.10160372510372939,-0.0019304797674165254,0.026772578025179336,0.5799419847182062,-0.05940921295972614,0.8597506836376638,0.667993868499216,-0.011441045204923646,0.01593174820157533,0.7925100794854992,0.11619549296188961,-0.2700384949895175,0.027520391955407925,-0.03919315790365743,-0.051276088238811156,0.567298307930124,0.33822427379147235,0.03302763728655521,0.37784052520133266,-0.014527951788590366,0.33846679861204465,-0.3359107354664041,-0.1361860838555001,0.7306285167385678,0.0285390817048961,0.021379571965316927,-0.021279766547110484,-0.19192952244689857,0.03899027097646466,-0.0406913827252958,-0.001272078275136929,-0.011409963807714855,0.009589243036524267,-0.06491814183289006,0.0496800445046787,-0.2804151212046427,-0.01506859626759237,-0.024028215655340794,-0.0029368591980200127,-0.27615040396091883,0.0024948124727912453,-0.04221371978438206,0.007114171526075229,-0.041084486664316126,0.010527815562857616,-0.008463464051786603,-0.3921466810279695,-0.0006887842028931631,0.013602752249381903,0.2761073117375083,0.3897507837583714,0.003694461513521853,0.00436942653443518
gp_at,-0.005431874384830333,0.15589118668993393,0.18056551346301258,0.007557815717771945,-0.11148388570457002,0.10453459216087528,-0.005642052607620065,-0.006891090702053571,0.020252030012508113,0.1952482126404918,-0.11255282046981062,0.0883967687408656,-0.004370394404184115,-0.15737923731974934,0.006470545438961315,0.04682976686193077,0.15283994649639993,0.0025379497832281805,-0.030939096090899315,0.05851906962638677,0.012823943025263972,0.015142941452864404,-0.005991756976045034,0.02726081448203967,-0.08689905683796736,0.09582958798791669,-0.03313670294148235,0.0876070220336644,-0.0029195859577048995,-0.027222901960476175,0.03329081716360163,0.46489420717465146,0.05535647315459215,0.011241367120996043,0.08164306289353643,-0.002394431221123414,-0.007658906738215553,0.5725374397084069,-0.031418924690761366,0.03779381465484522,0.08256065172643472,-0.1724286193920801,0.04685377252771853,0.02061353155824534,0.07796604739099984,-0.19628882437230313,0.0153651138284487,0.6377816771765702,-0.016548275609320772,0.059653221466154205,-0.012625155047512304,-0.08067998126154843,0.02197371361313523,0.0026785635263249325,0.10898922437406748,0.30162609453510014,0.07197071961474023,0.0012067277595676576,1.0,-0.3298906265505082,0.27042231890179114,-0.062473926271709494,0.033413910647754064,0.23266647266237528,0.003687898019603063,0.022487741440213677,0.5547554143467596,0.06579543971928234,0.017461043034799367,0.2051941322008831,0.35588311294050884,0.1317233813450702,0.3809367157681157,0.35633747821670714,0.015205254193932278,-0.23696176106853115,0.1488380001462079,-0.1219901308277147,0.6368560083714593,-0.23659143803650204,0.2419644074142908,0.11298557093624806,0.00495284006252996,0.1439650481230369,0.038522728708009865,0.10894460288011623,0.02113980352134877,0.18503410925588493,0.3053899803868263,0.01882402290664794,0.16945580273992997,0.021612085426426758,-0.3152718824758472,0.1407016243501962,0.1547269223745804,0.04591966818684964,0.4617257600085114,0.010375130871682944,0.009110538000210472,0.07755460954548044,0.14465757669260326,0.070642389487601,0.14433989876062459,0.15874014571552322,-0.2261716953853059,-0.21949425103673947,0.10046410582169814,0.2393953347915634,-0.008995321694029775,0.2205884636187852,-0.06789575325690124,-0.049194670678882
debt_me,-0.09618840266566651,-0.2148045474864305,-0.10196339903948655,-0.06293260401297114,-0.1949054649669888,-0.10414580210134312,-0.060509420748030236,0.0680888665884892,-0.04987386439652939,-0.005121840407620819,0.08229875667363909,0.40366653059781477,0.03729567886988488,0.15920605603542562,0.014773437831038804,-0.11637811012208576,-0.15670065077571155,0.023713261266094483,-0.06202484181189343,-0.17183608163670439,-0.078275430531332,-0.049982565991547864,-0.11509186619806479,-0.01446626980938573,0.030823524419180057,-0.15377441891875354,-0.04981470372586371,-0.09278855247023819,0.0765368668303673,0.009645141573388385,-0.16971242687311008,-0.2435810245732493,0.014411288973018292,-0.052015987445278314,0.07746859466156936,-0.029439062268793875,0.000753028807149914,-0.2075758224938502,-0.028627198695752136,-0.009888752869572985,-0.09175231009514198,0.16920202928994454,-0.10014342218031197,-0.01829379734503352,-0.23428107831895098,0.1620940513713376,-0.041443844322287975,-0.2663746189023507,-0.02492603322703614,0.05853624021282594,0.061817415733380614,0.03016051833095836,-0.05974137790452944,-0.10033402734322935,0.042664599181533126,-0.3303393313989053,-0.13029662803930617,-0.10160372510372939,-0.3298906265505082,1.0,-0.25897714628853896,-0.03591544027705811,-0.11365541203144526,-0.068143898227939,-0.12529898126117703,-0.06793733212955144,-0.24418999656339202,-0.14952588198010897,-0.11036512008675539,-0.14416097615263526,-0.0879559812992674,-0.059919852752902396,-0.16336157933464798,-0.3132529531417442,-0.10519573210281362,-0.07514977212826457,-0.06909101409661168,-0.20822936135716283,-0.45083614745906353,-0.06221216131527257,0.07079629813861613,0.2604363662429616,-0.09558308681559145,-0.06810664615359098,0.029510430570143607,-0.08642184897135471,-0.008984804060610068,-0.09421202695986665,-0.30993542143323366,-0.009887868215117465,-0.24685127625523415,-0.006053008972015232,0.9565054545126922,-0.06712221126709074,0.05093201525102901,-0.0169823802146689,0.05841865145789797,-0.010628557295171885,0.4919691616177428,-0.08903420241127562,-0.4786720375931892,-0.006256459041124803,-0.47962730692692773,-0.06763162890913862,0.6773722810731727,0.3448316565981296,-0.08136576027286486,-0.23361079347684224,-0.4920162649912636,-0.34552419454524014,-0.1804852622358384,0.09129723532878013
ebit_sale,-0.08409795627843819,0.08990903716087685,0.12678279324436642,0.001090293123261284,-0.040146942189005316,0.1477287723927554,0.032343829559205194,0.07711140204109493,-0.005464665374700287,0.10916698258580183,-0.03580015695045556,-0.19506033740159168,0.00012858637087978517,-0.2620476356497581,-0.02201510438036787,0.010938728876585098,0.10196831829182586,0.029505539783722744,-0.09817725555789698,-0.017374227166754234,-0.02396826889656596,-0.0032437858804670685,0.0021501818710638167,-0.00872396363072262,-0.08266448344542884,0.05367371246524287,-0.1638957449929507,0.04968424896483974,0.08395110340931053,-0.01328318466612698,0.045346776439456844,-0.024766252386107572,-0.030067160739205363,0.025665839595872205,0.06629612369067871,-0.0014248631053785134,-0.09740242499051979,0.5447678022988677,-0.004632196291055308,0.01881415093019652,0.05665039955025532,-0.1691126656195612,0.015067846541260714,0.02724170678078249,-0.327117716015689,-0.2899043358185573,-0.00034794673808205296,0.4247748905295139,-0.029970171878700467,0.03914229504910619,-0.0634485040041812,-0.09466004315565558,-7.047600950187941e-05,-0.0015569841745323397,0.09068615278396107,0.9443482060025945,0.03523166435706033,-0.0019304797674165254,0.27042231890179114,-0.25897714628853896,1.0,-0.037880475193668016,0.024613624373293425,0.09170520696435984,-0.006080189966826465,0.08729377688816066,0.5732788375815073,0.2659997762202818,-0.0017588341490448484,0.25718961720095235,0.27442689292151734,0.08468537362251645,0.22781174052813616,0.28553275758554947,-0.004032666876973441,-0.15978321758338168,0.09899792243339295,-0.005054784801170807,0.6632929960961145,-0.16220587497248215,0.16716846324177762,0.04407041036211944,-0.00831556610567403,0.08728333976363133,0.14805889146820098,0.2180042948599031,0.029101766545346554,0.1668298624132636,0.4099362892841175,0.0671365852143827,0.1487635812420373,-0.013055274209708522,-0.2621597656246773,0.20277078084171984,0.0958129030461808,0.07729770440786873,-0.23368425323801928,0.0009344907687769819,-0.3648606697396997,0.08875957896346554,0.2278035626968461,0.08909253340191606,0.2267952290075397,0.1177101422998393,-0.3249538457240857,-0.12695468609412944,0.09502741162897457,0.2066209941153035,0.36493743629774433,0.12837145088893895,0.08942744107180021,0.027043646940169298
taccruals_ni,0.0289092493018249,-0.03125593211919839,-0.015234327516932999,0.012900598927345524,0.00937672624362106,0.021990230097437752,-0.002898357883738291,-0.015374237992265156,0.008341616565205098,-0.34712348869190957,0.003856813534421507,-0.016992802888120325,-0.02044159808416047,-0.012141786896381936,0.0026892111247050123,-0.015729855415571464,0.01579825835986717,-0.012212407308739567,-0.003913016917989313,0.019067484276163164,0.006480614400528503,-0.008213265173830088,0.03490995352158053,-0.013232189392347498,0.014089660904934931,-0.015762044471318522,0.010772809233483348,-0.030605456948499577,-0.013420315085865681,0.005226120718288193,0.036761902575482654,0.0028225756608370426,-0.03466222012383907,0.005364445896414621,-0.04367382038167132,0.026633885854078238,-0.00868575361293858,-0.04362661517567677,0.00993639962519634,0.006201812539651533,-0.00830328249527367,-0.0297648393378549,-0.014865546038541658,-0.006471954550698478,0.03425511988068368,-0.004655562404227446,-0.00455302359250622,-0.23280982272638895,-0.018312118037257744,-0.7472461081059731,-0.011706687557375943,0.0062051984395656914,-0.007072381892598899,0.02477306367619452,-0.16212148692386652,-0.028986278558419638,-0.016545608280677485,0.026772578025179336,-0.062473926271709494,-0.03591544027705811,-0.037880475193668016,1.0,0.019234106936992967,-0.35643788659050074,0.02995289282060686,0.013933181705880373,-0.03798640375864216,0.41731144214729804,0.020196622050341957,-0.0016097056668561332,-0.07222269712921943,0.0037364469730446536,-0.4483265326602478,-0.35713821790282363,0.02226504175860218,-0.0712151918428011,0.022650762972491943,0.0835051446920778,-0.031448135918684006,-0.02978350780618379,0.0652433728722211,-0.45818203378639344,0.020289403316332867,0.0010467851298886157,0.036417837950236294,0.0448329737880778,-0.002606702468474858,-0.001292698876332824,0.005239284316476164,0.04847404729773483,-0.04349120446243721,0.010640373169111468,-0.021468577693639575,-0.03221903303144009,-0.009638961111018262,-0.07479818973014546,-0.029006499755873216,0.004694891532928866,-0.03983905925466696,-0.003645622689487682,0.003378912843791509,0.13195932283437445,0.019235646208023996,0.1255039851107146,0.002795338165110536,-0.04356756058586454,-0.07596574264767791,0.010353633081925202,0.03982130014951179,0.04263476715087028,0.03804619335305239,0.05207765671197585
turnover_20_neutral,0.6286073570710355,0.08023665181333181,0.08222398067081253,0.3396824002651087,0.18411595163810687,0.063778008478545,0.058906253818556194,-0.43869066258003603,0.16435168669396807,-0.045322308584117,0.04967176273252913,-0.15105990788054524,-0.17326285763149932,-0.20080747052666553,0.21122406011100434,0.30173255886377576,0.07425614396372048,-0.17600878213684135,0.25259738611063026,0.23981153137264438,0.8816483753780373,0.15672801967034622,0.4246260470963484,-0.016995608911223654,0.0955891017496492,0.26262972184723354,0.11779076602784369,0.11411873176084567,-0.5806234460050069,0.09979732056554641,0.44506082992455254,-0.0021161951868935674,0.02326734102850671,0.734269449631423,-0.008044024842679017,0.18342973848125027,-0.35849991102845735,0.03796333707681038,0.05762385881972688,0.005005299185783845,0.09382069569000356,-0.1759620077016789,0.2295541112636786,-0.0620789920570822,0.03914643070357211,-0.11483090245933313,0.16466477198522203,0.02147391121672749,0.06340642187293744,-0.030689459783243094,0.14460456539874975,-0.23948170630505863,0.19159699280557474,0.5760101326208714,-0.010709472232181678,0.024375464316519293,0.2519978753418725,0.5799419847182062,0.033413910647754064,-0.11365541203144526,0.024613624373293425,0.019234106936992967,1.0,-0.04104783379604698,0.5750767358165029,0.7637637583826827,0.04112304223443768,0.043357511990022156,0.5427259715737216,-0.30340000380151627,-0.03975553690155358,0.0701223968235811,-0.015801765676176974,0.0007763436131431015,0.3810434446214749,0.13042191652062077,0.07474497268904985,0.21360129265569516,0.04631411649807625,0.1438238276450537,-0.1278247190640235,-0.11054095493175296,0.48275683248882484,0.0692414340260085,0.2359858448811426,0.0927912089292337,-0.18478060186064868,0.04898067372555153,0.09573252885790909,0.04671842502038742,0.047482565242656996,0.025209849345602088,-0.090633611282546,0.0546470496382652,-0.17544580318573313,0.028236372559363357,-0.011257896928879583,0.0505302802958265,-0.18187350796016927,0.03653361679517289,0.037752394690096024,0.04073458643179304,0.036551632671817554,0.042395270738611046,-0.020523378275667366,-0.2830922374447753,0.0333535725350489,-0.2918099449119677,0.18187700746064223,0.2819541632223483,-0.032314789375538604,-0.002102900689206026
fcf_me,-0.031168333947240317,0.11493693261527711,0.083105355550637,-0.03135593736363984,-0.14650373933739996,-0.09174133878347011,-0.20409577627641048,0.007223773770979739,-0.007072742058662768,0.42532900134771323,-0.021201639993819816,0.015095650528040586,0.006675135099941248,0.06478576713511182,-0.04032299390795628,0.03988994135532135,-0.006485790289420299,-0.0035016918115542027,0.03981178525087005,-0.017345219368136256,-0.019841922491947304,0.014219832318642997,-0.0687863742193586,0.024843938633414015,-0.05149933297564186,0.051252719086762,0.009402345393305287,0.07633074128721533,0.005895409213455464,-0.014883093559798662,-0.06036564665310151,0.017239272517179677,0.039496215198002435,-0.02968596430636541,0.038522859363007665,-0.019626095824679463,0.022152585399353584,0.1637841928168057,-0.03548797752263873,0.008411548439117377,0.03524642998729182,0.06635913260360277,0.03761146615407248,0.014546194553421392,-0.032013039506395995,0.07708447865994733,0.01533509988639378,0.3972863917566563,0.037455676703560536,0.366558232689496,-0.00028703325960679425,-0.001421234073253196,0.022965070553309472,-0.05621824293053611,0.0326049278693826,0.0935699483326668,0.04733794698677363,-0.05940921295972614,0.23266647266237528,-0.068143898227939,0.09170520696435984,-0.35643788659050074,-0.04104783379604698,1.0,-0.06550252456680662,-0.05535715477508963,0.1443270483917779,-0.5426206601120203,-0.04116916775725119,-0.01447682940226012,0.1792387959088972,-0.030673769609341577,0.6829185591441524,0.5587530459847451,-0.045410773721282625,-0.1520929927960745,-0.05442910929033736,-0.17018946121930242,0.1910859123855163,-0.13560106393144405,0.1525706152108123,0.7063960365477926,-0.04129368360266947,-0.023290970501158584,-0.1573360124271476,-0.15258937321028845,0.003267563902848831,0.08401943606836096,0.029297916622724664,-0.17917791597872285,0.1443186036599506,-0.002685283312395464,-0.10105370527801519,0.08601497527079623,0.12010445618580586,0.16518277645558746,0.12391614726107443,-0.0009124018577566734,0.05733401197195039,-0.14244415871710084,0.10314568061125791,-0.21952819506547722,0.08911752695846507,-0.18118890183575967,-0.11920005426752883,0.022365605952175852,-0.36813503113345764,-0.004921576217977286,-0.057333687733681596,-0.02194759835400354,-0.12669886729558977,-0.2303043511788415
high_low_range,0.20138636142718144,0.03848179029055071,0.02626825762736331,0.5237755140163849,0.40072207342861504,0.12853530250119694,-0.030415417419950193,0.05470486537286151,0.20454594655713718,-0.13142814514573142,0.2651327099989298,-0.1870285021423929,0.13100470080239762,-0.12727457897956956,0.2516995404738897,0.368152168687798,0.03775246946967441,0.13591015848181517,0.3324092897540885,-0.0871288128625527,0.6364677913809311,0.21636640676615873,0.6246809516812596,0.028537720362494006,0.15417299293198655,0.2813889010594933,-0.13949259812439013,0.08959196600019663,-0.07665785940402961,0.18356169797608354,0.620706316624088,0.07619456476131957,0.003669521401965493,0.7077043717101402,0.052074353700293514,-0.06217833305947633,-0.10525361403951548,-0.02803070420097746,0.07073946066293382,-0.056974146752528675,0.07851150911787877,-0.25824481248968395,0.27508409277795925,-0.14738227437794477,0.0410857314810824,-0.18248238045085932,0.21206164548123504,-0.007945922304689445,0.07569505283144062,-0.032488577628690854,0.0838713269063814,-0.13540005081175385,0.2447510841634554,0.8733102413199153,-0.04086063882622006,-0.006673346604149229,0.28693666278805063,0.8597506836376638,0.003687898019603063,-0.12529898126117703,-0.006080189966826465,0.02995289282060686,0.5750767358165029,-0.06550252456680662,1.0,0.6607782205424354,-0.01693650542353139,0.014724844129696461,0.8085298083081314,0.12885262146088147,-0.3036301478563345,0.04136237858016035,-0.042362038656091804,-0.05849232979646563,0.7068053260307529,0.3815231895408949,0.04817809587212835,0.4291222627533437,-0.02074957387123081,0.38502786894700614,-0.3789773418181945,-0.1562589087374491,0.7172341872146577,0.04294055870342141,0.02544132463302662,-0.009847620742734908,-0.212866335989414,0.049671335864544565,-0.041133516060522166,0.016590187780728637,-0.015098464195160808,0.012006308537761563,-0.07875027661532207,0.05437141555117755,-0.31296714211188587,-0.013687174636887074,-0.027185601744497682,-0.0037910507920345072,-0.31118495575261884,0.005023151259069989,-0.04576570776073867,0.011080647133860385,-0.04477551941869626,0.022201815717819928,-0.0049730071126041575,-0.44823589865117014,0.004477307802095286,0.034901642722585675,0.3111727088835672,0.4451948573651696,0.005200024587479927,0.0052436830267114844
turnover_20,0.21650348759095664,-0.016911812185882828,-0.010744622536657922,0.3890063613118604,0.3232225927679444,0.10148999554064676,-0.06428124920953084,0.017218303306193245,0.08006476056245379,-0.13978783774024947,0.3847051469226081,-0.1439961159477757,0.11381010744279574,-0.3695623478786082,0.2956034029920639,0.22721525313298305,0.004403272450995551,0.12019712924985676,0.2149138697132662,-0.2743566347844963,0.7040851842205745,0.1179100324936866,0.5812686920556922,-0.021646926275668717,0.13893540312549357,0.17844100609941357,-0.42671315739172067,-0.007746476157146856,-0.10945864914189649,0.1560149246055955,0.5719616265532268,0.012132897598900011,-0.05535319692039374,0.8799861851741883,0.13859082715062282,-0.04547192152520286,-0.4804607276816929,0.05444551180127533,0.05321225192610026,-0.08419814261326422,0.03998083106173993,-0.21934580204300955,0.16700794260973645,-0.14068881828609756,-0.10343773153256317,-0.2954863875765083,0.13383965959711963,-0.015107314333744355,0.05272398835566842,-0.01268659213371682,0.12080814777674742,-0.38170430768358315,0.15004158768105455,0.6544523919139188,-0.004431187725288688,0.07818798510629912,0.17853670771262123,0.667993868499216,0.022487741440213677,-0.06793733212955144,0.08729377688816066,0.013933181705880373,0.7637637583826827,-0.05535715477508963,0.6607782205424354,1.0,0.05297460607565948,0.031237063945926694,0.5791895467319349,0.06571896008674875,-0.23654659378995785,0.03879508021988966,-0.018200691464944223,-0.0458908710364869,0.43876353894887077,0.3181900356030927,0.0477999312612683,0.3570605401783115,0.04278317968593935,0.31847140576909483,-0.315574551706271,-0.10219471606143354,0.5114823108494749,0.03750751430131489,0.14182173117738175,-0.03757501709534877,-0.21184818603862304,0.07280507987456694,-0.03321661617352587,-0.0490641048438152,-0.008717643432500581,0.015410386066934444,-0.048935742910891054,0.12869867494679726,-0.261955365206542,-0.007387422368230037,-0.017262951007293952,0.00020262034700752152,-0.26417124223698174,0.011420617842120605,-0.09981995743849638,0.028349217273637477,-0.0955199512458731,0.01265952347470209,-0.01683404526662907,-0.33754759377942095,-0.0006595818245652233,-0.2745570959346909,0.26414867487442517,0.3357971682350196,-0.00558322115756182,0.022826335689696532
ni_be,-0.02798814998318327,0.11720146992733463,0.23722684320364837,0.003674798815360368,-0.24364048300991914,0.13698361022488975,0.025530590650379555,0.008459399105060375,0.005973894519706313,0.19327964306930426,-0.11960887881444392,-0.11496204047500329,-0.021727146341900982,-0.2354645290106701,-0.010161098814455692,0.04243449104266585,0.1959885323702505,-0.007382760860580765,-0.09462571224726818,0.05816946597744354,0.004004874507048884,0.0036198365167663957,-0.015721455480031593,0.01915110250256786,-0.10169789681057569,0.11980473394715431,-0.08637089661974985,0.10446252028561769,0.01766432060052054,-0.030345742646146742,0.0402971414787437,0.13745915872237793,0.03833251050034072,0.020767060146632148,0.08848995211040053,0.013917230952980333,-0.05375125368039282,0.9214341475700982,0.0014795987873384802,0.04208392684035192,0.11135886274676715,-0.1460291145906249,0.04755448142255522,0.03270799036162366,-0.07663396578488771,-0.23906677435199675,0.00887939589449604,0.4442885999426849,-0.0211148702939696,0.027402388657836327,-0.007802478692259626,-0.07715312533155544,0.015720582657551684,-0.009639586486404688,0.12074911762060263,0.6060751410536146,0.08486190937193563,-0.011441045204923646,0.5547554143467596,-0.24418999656339202,0.5732788375815073,-0.03798640375864216,0.04112304223443768,0.1443270483917779,-0.01693650542353139,0.05297460607565948,1.0,0.2882087405495391,0.0010428177609527508,0.23761487711595222,0.45922543661022974,0.18082999644953532,0.31776451196845434,0.30496904327192337,-0.007436666077447209,-0.4135072449385722,0.20641836584141107,-0.18253022207463793,0.8573487223511232,-0.37026612124281066,0.41959257161210045,0.07709414991611706,-0.009171527830908369,0.18613728179486158,0.15667713019551707,0.3030534344085765,0.028130086138491637,0.24647541498086994,0.5099159846105896,0.11963022581961716,0.18434833147955446,0.05423731492508689,-0.2491656741302374,0.28122210457169466,0.17645855207632521,0.11649106960561628,0.23055706471996856,0.01270043985711481,-0.05961858041584405,0.12685701239020167,0.16374529060813753,0.16289055231042548,0.1572370486879511,0.21605455404925128,-0.15848255758690483,-0.18843223975598236,0.12026112343651567,0.24219295825203094,0.0596780004213086,0.1881795891363801,-0.09631839256039162,0.032962470670066996
oaccruals_at,0.02963015090293534,-0.02677576923312313,0.04652234925681924,0.009134503312259016,-0.005532625138202489,0.11597775933790966,0.03712412916194149,-0.03006416816230144,0.0036085951475098538,-0.3330134175857367,-0.057763109981861405,-0.09046203921679777,-0.030889508679742564,-0.11529539934594615,0.013148767066157837,-0.013081152399647838,0.10750122333636263,-0.019056323209921407,-0.09751552148108465,0.06862672057643289,0.010820055739349353,-0.009322987934483114,0.01921870273695576,-0.01445166553297666,-0.016243948048584082,0.019826877254933397,-0.00392452441680229,0.006068104926244461,-0.02370552173151522,-0.008470322217810994,0.035784587914628456,0.04139177516489939,-0.031970216723699624,0.006643266756178044,-0.04664981714149431,0.03023859777164282,-0.03247797967424513,0.24483968599650588,0.02501322380570138,0.008697431282804194,0.030339487472270367,-0.11102592884853173,-0.009822564672017269,0.008576735714174475,-1.1032523881156373e-06,-0.12667041851170321,-0.00874951155573256,-0.2128827187369565,-0.06105880153240904,-0.43298813120748825,-0.0075321317478828,-0.009010363588181363,-0.013159604472328045,0.01569635643687866,0.03387763820090936,0.29066390241539475,0.0018180008578330595,0.01593174820157533,0.06579543971928234,-0.14952588198010897,0.2659997762202818,0.41731144214729804,0.043357511990022156,-0.5426206601120203,0.014724844129696461,0.031237063945926694,0.2882087405495391,1.0,0.01004211684785352,0.09446070553593096,0.10095552741590981,0.0890809480069778,-0.6761383784184923,-0.4882835891288256,0.007383608634743236,-0.05071960105445079,0.13862446655693214,0.0947607497082232,0.30739889083904803,-0.054756011544986084,0.05379832027408607,-0.683100171753758,0.006691414183458714,0.09336798474410557,0.10728389178590896,0.2557286211075126,0.013203909432605012,0.0307890040758922,0.2906099321865668,0.14334285896210908,0.025044426878334986,0.026469699169843746,-0.13776144212529126,0.06161846799476094,-0.008710765659796997,-0.08903131041179854,-0.016883278255649826,0.007952805798142767,-0.11609914988294154,0.06266437094033052,0.14986886449811868,0.31652916414963156,0.17465773220136088,0.3607074568856255,-0.1457020191617711,-0.0653941746352104,-0.05116245419586273,0.12026923033143777,0.11610528187835527,0.06690654742004219,0.08933133735863671,0.10497743787574638
rmax5_21,0.17926854300971928,0.0709814516271976,0.047497997157310325,0.5352711076311262,0.3158193588752498,0.09235325271592194,-0.01503894837472201,0.028885680246971312,0.4438693918525313,-0.08271076749898618,0.19297388659471915,-0.14809409846783758,0.08402599235715254,-0.09262559897367545,0.22614867058558333,0.38341568331785486,0.023095058654207155,0.08978685539329376,0.3128496653251954,-0.01935335582466454,0.5970949183243579,0.48808838068319277,0.4765738115040156,0.17275963049483478,0.1273084737433471,0.19257567552215132,-0.0635879840480563,0.18628394661145853,-0.09401818057563865,0.2934380823654266,0.468925427930201,0.052380474798172164,0.010968757637466015,0.6333850943425859,0.03491871315145481,-0.03307421312166087,-0.04753329013655566,-0.005861781005353032,0.06822370866266818,-0.04037924753774244,0.06574919102506115,-0.19961252203680754,0.17170198479898227,-0.10616436186598976,0.041319621321833686,-0.13228935883319165,0.13207151992018298,0.012117820893326555,0.0823165099642461,-0.021613355712889255,0.10760930554418056,-0.12697212445543463,0.14336395422117348,0.8736986669415421,-0.02993666590726548,0.0014192162312128818,0.19249834209978375,0.7925100794854992,0.017461043034799367,-0.11036512008675539,-0.0017588341490448484,0.020196622050341957,0.5427259715737216,-0.04116916775725119,0.8085298083081314,0.5791895467319349,0.0010428177609527508,0.01004211684785352,1.0,0.0914622582705426,-0.19550982194138905,0.04594583556281936,-0.019879431091422657,-0.030658982773431397,0.566958353772538,0.2760251881069859,0.050496177232145285,0.31675647643638605,0.0028332319474986423,0.2793869780274673,-0.27316391499094406,-0.11724538176379115,0.8949533071977716,0.04691425178671048,0.02784456337273096,0.0019179265905444503,-0.09594241839192295,0.05528254463623498,-0.01597922952467847,0.01835666066721714,0.00010182447959361313,0.01531335535502342,-0.07513938629000326,0.055187644561429675,-0.24132528616474103,-0.0069903582474651295,-0.011696636387737686,-0.0019889632637809305,-0.2367903107783137,0.00646377641954356,-0.018737795522825555,0.008984267777150773,-0.018227456504938556,0.018907498085367146,-0.014108223301222673,-0.35260802701783023,0.006423926622331151,0.05305767098658034,0.2367835351169605,0.35083339952716625,-0.0009544203876615265,-0.0007728070216007244
amihud_zero_adj,-0.6048286355185399,0.0646091905275594,-0.022368156658782716,0.06720494142376895,0.28508219396303747,0.19015643552420258,-0.057973937990699845,0.6615495296472566,-0.033954951533878806,-0.1329540355200959,0.2227550960387465,-0.13137394526013663,0.35519977523471485,-0.35946629210071945,0.010982141153848617,-0.034351623565617447,0.053026773378598305,0.40021224147780343,-0.0442784885725093,-0.5020432592456907,-0.2526199694111752,-0.008815833327902563,0.17809170444748307,0.02498939388096222,-0.04727684560160212,-0.008717693250135538,-0.6393462959876743,-0.05282759470108765,0.732428545537744,0.07642814076628697,0.21365961275699127,0.18894885658466049,-0.050074476536735794,0.0021745132971754777,0.24557238848728438,-0.26966367764400406,0.08925491528103659,0.2355415523926566,0.017785867283970688,-0.050599553687496496,0.012624669193533916,-0.3387414047435769,-0.030030074293766234,-0.03871186471977858,-0.09415574347908813,-0.5374850215974679,-0.03677875138356823,0.19760055112100258,0.0016396347654789197,0.005138249951794168,-0.17215041409468684,-0.10368369247889277,-0.038343812265264794,0.12409281050697528,0.032030125441191146,0.26466326607966684,-0.01947243547740708,0.11619549296188961,0.2051941322008831,-0.14416097615263526,0.25718961720095235,-0.0016097056668561332,-0.30340000380151627,-0.01447682940226012,0.12885262146088147,0.06571896008674875,0.23761487711595222,0.09446070553593096,0.0914622582705426,1.0,-0.12438630155353818,0.062014793103794034,0.09651483646405493,0.06931647260638439,0.10244798970734317,0.22664147060755893,0.07959858835556403,0.29756922647515915,0.26497424293319394,0.18716928507803512,-0.2226521155457816,-0.04401103772307948,0.06623824477880381,0.06406520206083668,0.0031787081549229513,0.027583822583737143,0.05099831415072917,0.06576163102506564,0.034734673218049635,0.004203622784873483,0.09512525912806821,-0.016554830977051304,-0.1482296305450711,0.10456826031482729,-0.12088333193802851,-0.003660119821022103,0.02946948293535229,-0.0698586398289061,-0.31416493186080646,0.03159793718283754,0.011071003326327834,0.07288781140407037,0.01714669754036112,0.07428931854464715,-0.17863831194320823,-0.3224263573057424,0.06686466573103972,0.7600764722814164,0.31417161443453845,0.3219165034479497,-0.027155051392786865,0.043114117747514565
ep_lsy,0.09341941778181961,0.10321498284355164,0.2764179712964339,-0.1502965251490992,-0.6795620113950226,0.028374312243594033,0.06750849595984193,-0.22683662373120161,0.0013346635586517293,0.2790192842447323,-0.3537940907614478,0.059685153198205214,-0.17570771705611554,-0.03353026573332022,-0.11136508855457412,0.024311447728704645,0.1268147711496989,-0.18428179452353435,-0.12319699192822046,0.3339159466092411,-0.07864312515096888,0.009392287552152987,-0.3456000641191132,0.0382292095870968,-0.13370640940393577,0.05566563738840308,0.2726305449472943,0.18115396508188816,-0.21895213582873435,-0.07898739387377156,-0.31534012328976024,0.021741284800216705,0.0870465737627953,-0.20670788250704697,-0.04882754571656528,0.1188245533796909,0.0856605266673829,0.4856919620996871,0.037597217069853174,0.08995716249596977,0.056681990066844656,0.0779948190773159,0.029634952596153036,0.09376314914290614,-0.015001334624778264,-0.010709895436280035,0.011371916072053685,0.34811175259486055,0.06703164798107003,0.06223208477147816,0.027948440407238935,0.0574668232120609,0.016780536812145013,-0.2564444507735997,0.11821041902911593,0.29852072221556486,0.042306280777067766,-0.2700384949895175,0.35588311294050884,-0.0879559812992674,0.27442689292151734,-0.07222269712921943,-0.03975553690155358,0.1792387959088972,-0.3036301478563345,-0.23654659378995785,0.45922543661022974,0.10095552741590981,-0.19550982194138905,-0.12438630155353818,1.0,0.17891734598043352,0.2544414598518036,0.27229299201302143,-0.222716893333959,-0.7790164349127845,0.188182812171533,-0.5765516939378866,0.48203237360086215,-0.7181076942705651,0.7789337069894855,0.20606985537707756,-0.1838845440575924,0.177729796283274,0.11279889414640613,0.2402594524817407,0.10333164226383953,0.17119612483098695,0.37293683548451306,0.10743513846516924,0.16202632145840465,0.0708008954141134,-0.12867792082766785,0.1736270799738303,0.38785792903006844,0.097007636269367,0.1827584714004515,0.04111905272208896,0.2637699416151241,0.08122833079647115,0.2061077575697711,0.10989179283304445,0.19976605219622828,0.14434833789857793,-0.13085913845817426,0.2645323149270206,0.0860538443401186,0.0697623219489001,-0.2637270757961834,-0.2601492904628683,-0.05885408112266257,0.0031186515510571804
dsale_drec,0.052645391091053144,0.10471845515342829,0.32532194024331695,0.021501700749754823,0.017970901109965607,0.10226178098063649,-0.027184005644137237,-0.05633678960955949,0.03360426655137072,0.03768362734499161,-0.06114514706833724,-0.06253429562105142,0.00011409351656128048,-0.08895907297930718,-0.016405044090390977,0.11515136719431814,0.053926185222826876,0.0200290718435611,0.09398250930216973,0.08344935988213048,0.049937886456908734,0.04198933481182905,0.04175613943334583,0.024960126908857266,-0.03358100380195491,0.17549344866938263,0.03743155593435782,0.12795419213336068,-0.06677355949833358,-0.043728358096930875,0.0561693848896294,0.08745525623490447,0.04093759044388795,0.02790841202807314,0.05625494025425997,0.02416051421670856,-0.0171705958473314,0.1806470267031831,0.46482252175657246,0.009743123201489408,0.1274758530922002,-0.1168163887760133,0.10744284228398546,-0.013541627602472829,0.05355842057896376,-0.13406617400283097,0.04223358491320168,0.10029150503579555,0.2399954144127321,-0.008847874139666551,-0.03577729088073674,-0.02078630567348286,0.059888834811327785,0.026677744639764307,0.027717715928891922,0.08903611830832558,0.14820326844772297,0.027520391955407925,0.1317233813450702,-0.059919852752902396,0.08468537362251645,0.0037364469730446536,0.0701223968235811,-0.030673769609341577,0.04136237858016035,0.03879508021988966,0.18082999644953532,0.0890809480069778,0.04594583556281936,0.062014793103794034,0.17891734598043352,1.0,0.03626371481453908,0.02002415177070161,0.0489408313712825,-0.04466214566289467,0.9822138924478615,0.053444911677645465,0.16843798784195418,0.009911281806333565,0.05050838483088667,-0.03392574245729768,0.032351030291038106,0.9678960787830182,0.08376978513472409,0.2878490971565965,0.04401728012844644,0.3708384156941814,0.17505300076519076,0.2886421650644345,0.031065439369281363,0.41365871385043645,-0.0453667094277576,0.36405699818061815,-0.053269903256163514,0.08083856490506157,0.07734067022137375,0.016626530267358625,0.001991074876532547,0.08115028703889239,0.0024169407856036483,0.19626073903513033,0.0048669772942940975,0.21520188072638013,0.0039803654206645505,-0.1150279397211415,0.08410783433437233,0.10663000685535058,-0.001913018142909842,0.11602159138983477,-0.02552454370969842,0.05361777923691018
ocf_at,-0.035129079917922044,0.1565176378366383,0.1253195814765615,-0.015000833528483444,-0.10295392517243772,0.007008119832913016,0.00629558223640841,0.010723837281371286,0.0025581570657557534,0.48578208803298784,-0.063396550337853,-0.06154381581138843,-0.0030892424783215055,-0.06147642037221892,-0.01823937646115776,0.04489904767085161,0.04920427401892447,-0.0027648355122353247,0.009436547539067199,0.020770625247022386,-0.018640412985251313,0.01678532241335674,-0.054458064544223285,0.026546012332100338,-0.061662211482053204,0.06619078083232133,-0.020996899697336004,0.0807193429354854,0.010818613739875048,-0.02340931744018559,-0.029634305841545132,0.09899057349035684,0.07127906641156768,-0.017709037184369215,0.09391705042044002,-0.010460841400306307,0.014885233510662708,0.3280563843030894,-0.036327878196342804,0.021778533128907193,0.04956563682522586,-0.04137956339087278,0.044190137620463595,0.02708977645944011,-0.03143843277445549,-0.08840034231574392,0.01758438481184245,0.6243794311947609,0.02763693467626033,0.45135927090449657,-0.010053060802091809,-0.05079752956644128,0.026083060390157446,-0.03686746260083786,0.05869928782625711,0.23071615671847687,0.05792764011338997,-0.03919315790365743,0.3809367157681157,-0.16336157933464798,0.22781174052813616,-0.4483265326602478,-0.015801765676176974,0.6829185591441524,-0.042362038656091804,-0.018200691464944223,0.31776451196845434,-0.6761383784184923,-0.019879431091422657,0.09651483646405493,0.2544414598518036,0.03626371481453908,1.0,0.8619290894767718,-0.021850905182531473,-0.16897526726273657,0.0064705338836997155,-0.16967226714170222,0.38553432152887274,-0.16185882859532386,0.17204956144545394,0.7316854664228297,-0.024779242111978756,0.03829324637943371,-0.015078748937537079,-0.0231944071773351,0.01758263508676283,0.12540661638084885,0.14711813774379942,-0.08039152639431059,0.17688554837119308,-0.002049171606600178,-0.18147669441799094,0.10973275801291263,0.1422078640814774,0.1692536700428596,0.1434174394259013,0.004885849950881353,-0.023058188652000534,0.04174284814679386,0.12387913103960432,-0.20228941297332237,0.09692548983978586,-0.19070144576126946,-0.17752073972799481,-0.06890591305113122,0.15053997415257253,0.10973645285654428,0.02309719786012973,0.06955056127674286,-0.08447953113502644,-0.11603503295609773
ocf_debt,0.0017678777301333656,0.1739254624090427,0.10927067882693886,-0.022268477524278858,-0.0963495691166281,0.027588604632078854,0.014006107090238307,-0.02975742048766328,0.003801311712025924,0.4054699821445779,-0.0974825468598397,-0.1421226892697029,-0.038820227807470735,-0.06605087020641882,-0.008724967939049087,0.042928224323751,0.041899345145991064,-0.038297740302306135,-0.005095669424071066,0.08441411688619191,-0.01200116682888214,0.017556940087398668,-0.07077389682576725,0.010867320359803227,-0.04692173042984297,0.0610875511100776,0.031005129234292553,0.08320506099610911,-0.02924740951377836,-0.029091020240937984,-0.05053545703898711,0.11040405297521275,0.04690025189494412,-0.04090722735014787,0.05207875824989871,0.017244386606236863,0.03955677401815754,0.3086189576993303,-0.03624811486342223,0.013531912482270684,0.04493566291220798,-0.022619728504146504,0.04090305347222901,0.04071400165270302,0.05958216629388165,-0.10735643536372833,0.016518480999560915,0.5477727589476742,0.017230723265789713,0.3540306612006458,0.012170013602634753,-0.04217865862033034,0.02396335708993566,-0.049022474808145526,0.05304529750345987,0.31570170005248044,0.05285528088469127,-0.051276088238811156,0.35633747821670714,-0.3132529531417442,0.28553275758554947,-0.35713821790282363,0.0007763436131431015,0.5587530459847451,-0.05849232979646563,-0.0458908710364869,0.30496904327192337,-0.4882835891288256,-0.030658982773431397,0.06931647260638439,0.27229299201302143,0.02002415177070161,0.8619290894767718,1.0,-0.03481680889593595,-0.17619987060442863,-0.007336176170617155,-0.1258013116212644,0.4454509181858941,-0.17717619948794192,0.17979003684158745,0.521910141268888,-0.03324073072554726,0.02109124508659133,-0.015470561212856506,-0.0033140507080530778,0.026723525113015262,0.10574116418149601,0.2157260081518166,-0.08462806997951995,0.2632340054488158,-0.013638222586836187,-0.3394832440007369,0.08966246620732614,0.16693154782712485,0.136891112267572,0.0371998549624672,0.010369388912746679,-0.12122089832856113,0.053796302879545226,0.3999586994623765,-0.18106005969223674,0.3772622416295377,-0.17395363706552186,-0.4216745380973961,-0.022068674814778224,0.12843553975772243,0.12174960896159406,0.12126071139501875,0.02315528066197094,-0.006879348095202564,-0.11074187554228669
cs_spread,0.1178330155665236,0.05914245181579527,0.04718018484725601,0.4470788594871888,0.31186573928479494,0.0961772867007613,-0.022180929254728733,0.06299692480464779,0.1483018155999109,-0.089413980666911,0.17343915998168014,-0.15185229905222733,0.10652503829315786,-0.08393150036547113,0.16478513622922125,0.3356148994845757,0.009019439389784329,0.11695357126944211,0.2865416600046796,-0.05186201458793923,0.4209248865735506,0.21968966366455592,0.42360387827257967,0.07301317522411532,0.09590397816742305,0.2377443461617378,-0.08527533214081867,0.15297505814206677,-0.09764841222881608,0.05238011095530726,0.42716068060880763,0.07968466012254727,0.013775589121063673,0.46991440076118973,0.03636331624133394,-0.04719621749643145,-0.03700018814367954,-0.016932187462581034,0.07208199923190342,-0.03717692292620438,0.06388724816113983,-0.19141156132993614,0.24368641332380495,-0.1105681180282479,0.042675719173686746,-0.1344538646139568,0.19742528528595513,0.008248269411396846,0.08624817135003823,-0.024755306185006182,0.04548603441179791,-0.09705536911114694,0.2250443040972434,0.5569782337718975,-0.033270894194824895,-0.0025056967597083092,0.24768798082420532,0.567298307930124,0.015205254193932278,-0.10519573210281362,-0.004032666876973441,0.02226504175860218,0.3810434446214749,-0.045410773721282625,0.7068053260307529,0.43876353894887077,-0.007436666077447209,0.007383608634743236,0.566958353772538,0.10244798970734317,-0.222716893333959,0.0489408313712825,-0.021850905182531473,-0.03481680889593595,1.0,0.2900842732631402,0.0532577283930662,0.3292673383768123,-0.008127399108298823,0.29561127778996277,-0.28797681379902185,-0.11848325467131146,0.4808985747562673,0.05006778760189301,0.014445061682219564,-5.4395671336355054e-05,-0.16494571983644019,0.05436530894063502,-0.0260509484237572,0.02632282880568913,-0.010194077543714302,0.014730809833889708,-0.06718502770703862,0.050812516852285126,-0.24078966844972535,-0.008659508815850253,-0.014937624453621751,0.01444491911792622,-0.24190273804495144,0.006816700979421409,-0.02438480673719056,0.012025792003312065,-0.023553081391908103,0.024427561618887723,-0.009371428310448697,-0.34928716292767664,0.009581621662540805,0.048931994350450786,0.2419141405572053,0.34748117921417543,0.007272170811114904,0.0016278698068557074
pe_ttm,-0.039557683913123094,0.028584121378378763,-0.16249604129457088,0.19456614330174854,0.8270691122271382,0.044434572032858374,-0.029707935972849733,0.1874732419581245,0.021232523616245287,-0.16217361901757496,0.34304567821183374,-0.2352360880847106,0.1863478064043273,-0.06351837079258443,0.15374561244556062,0.09928447246396792,-0.03626623146983962,0.2010348022864084,0.1881887921231661,-0.26823403467192536,0.16116557863030237,0.04852132047943695,0.4171730036358952,-0.014651310099031143,0.12638599300411224,0.07836120312013792,-0.2593474858515931,-0.07885966490241036,0.16200660760120744,0.05283111332006227,0.3938269845563889,-0.014450779765130333,-0.0618730575201975,0.2872351170403507,0.07177710745134856,-0.11940768152232721,-0.10209650642186881,-0.4130111098565219,0.060281001290734805,-0.10162073875404928,0.011255526734904724,-0.2472930861036459,0.07726502329101431,-0.10398857389911849,-0.010656925083001036,-0.1276881075390615,0.03998597771471479,-0.18742397675814673,0.05228117950525187,0.0885004383538159,-0.04214902024225961,-0.11396080356124885,0.055742933104608136,0.32359205127792084,0.016529318481004484,-0.1715080268009556,0.08308667939295376,0.33822427379147235,-0.23696176106853115,-0.07514977212826457,-0.15978321758338168,-0.0712151918428011,0.13042191652062077,-0.1520929927960745,0.3815231895408949,0.3181900356030927,-0.4135072449385722,-0.05071960105445079,0.2760251881069859,0.22664147060755893,-0.7790164349127845,-0.04466214566289467,-0.16897526726273657,-0.17619987060442863,0.2900842732631402,1.0,-0.046691424187251744,0.7604949933768734,-0.3987214797907185,0.9026142747161349,-0.9999720755160416,-0.23006329090125496,0.24433079017576417,-0.04413660433616711,-0.09429015717986104,-0.13006432169384502,-0.09507891735224847,-0.1006334769156895,-0.2743289416789319,-0.04256825277652442,-0.08482384784672908,-0.02236917898607408,-0.025065504295629405,-0.03839083392213468,-0.5467096653039706,-0.06597666841394711,-0.1617569806682119,-0.027958719200312565,-0.4259014819587879,-0.03898316411202662,-0.13024742577360598,-0.04332041643726142,-0.11694377172420083,-0.052640929459466676,-0.015759176580291055,-0.4482046346671231,-0.04869017374902463,0.06555836004270565,0.425896347319191,0.4477425876602691,0.08799724130531043,0.00978857859938691
sale_gr1,0.052236602483442744,0.1078516662889578,0.33654368286646125,0.025059889813789663,0.021185840920194574,0.11280300672044381,-0.028354949521157354,-0.054809068468618376,0.03365027424667022,0.012599753161797232,-0.06376159407913501,-0.0701031064963237,-0.0019402103243909283,-0.11049234025056909,-0.01685656315337289,0.11537404917742894,0.06835174744617302,0.019066897034488064,0.08598985950263602,0.08866355427857675,0.05078831065816958,0.04182721644244896,0.04765527032551096,0.023846921617472316,-0.03595880733267234,0.1778679218053624,0.025467938738664125,0.1294709240251036,-0.06441581155730174,-0.04484961614790111,0.0688693091296943,0.09309299469216897,0.047012264307183575,0.03261988838465417,0.045187146901894355,0.025491243164869906,-0.023304618026888612,0.20589427283004594,0.474697110530973,0.009238227307930008,0.13013797198763946,-0.1298576348554703,0.10766862967654936,-0.009814486283933568,0.04921988777739768,-0.1482754994595105,0.04187778125896179,0.09559458628597844,0.2395963767161552,-0.028498856325119688,-0.04053021708257179,-0.017813009256070534,0.05949399450931325,0.032506352004077185,0.03193317647065092,0.10331066630333795,0.14890786969698094,0.03302763728655521,0.1488380001462079,-0.06909101409661168,0.09899792243339295,0.022650762972491943,0.07474497268904985,-0.05442910929033736,0.04817809587212835,0.0477999312612683,0.20641836584141107,0.13862446655693214,0.050496177232145285,0.07959858835556403,0.188182812171533,0.9822138924478615,0.0064705338836997155,-0.007336176170617155,0.0532577283930662,-0.046691424187251744,1.0,0.06132780003240337,0.1915630292345984,0.007757427597114254,0.05279035991138725,-0.06643291521174724,0.036181412030950155,0.9784555247008371,0.1066790666116826,0.33151174878545436,0.0434451112293756,0.3770961150902162,0.2081183876900362,0.32095368905736416,0.029922045338323384,0.4110638655596216,-0.05252626091273591,0.37206513991037077,-0.057505550447718407,0.08459664663553267,0.09074968850833855,0.017160423913087065,-0.0016461712770589243,0.08875194823810192,0.003451871926557132,0.21642728059104868,0.003497334715692615,0.33803243383661574,0.007739031555818965,-0.13071222256687684,0.08505899895819162,0.12098532758057375,0.0017200131344875446,0.13168782050961997,-0.031515954131215135,0.06330125333441254
ev_ebitda,0.031802900903462474,0.11250312857693406,0.0004191766163779501,0.2150921546350125,0.733753082644647,0.1378129193685987,-0.008682648253056655,0.13099525205214158,0.0499219471320626,-0.2860854455144182,0.2734767054667695,-0.3183749137573998,0.1468780386768693,-0.1631674833781307,0.14398873708440127,0.15850054875270517,0.055234078942546616,0.17852212472545542,0.23277291437191408,-0.1887009636131984,0.203292988647997,0.06273396536159018,0.4736533993702777,-0.014792221174970279,0.1010112971966455,0.16855662233479168,-0.24336303389936026,-0.01595649971372953,0.10322672187465909,0.026975609553620297,0.46545696211813714,0.05138938302343613,-0.07188850515434184,0.3013253996413951,0.09054481059612733,-0.07797033289245348,-0.10117670510488003,-0.22039304592587897,0.11645394854161537,-0.10321093973825224,0.07203460185649554,-0.35772599501007685,0.1343626968930933,-0.08612049713762275,0.021221394936724938,-0.25757232836708366,0.058709533576228934,-0.08849002417487595,0.1198145719378822,-0.08751783643895193,-0.06788333701722706,-0.12705737543906181,0.08367756875166114,0.36098609642392965,-0.09538652949174334,0.019966801613073067,0.15974724501290247,0.37784052520133266,-0.1219901308277147,-0.20822936135716283,-0.005054784801170807,0.0835051446920778,0.21360129265569516,-0.17018946121930242,0.4291222627533437,0.3570605401783115,-0.18253022207463793,0.0947607497082232,0.31675647643638605,0.29756922647515915,-0.5765516939378866,0.053444911677645465,-0.16967226714170222,-0.1258013116212644,0.3292673383768123,0.7604949933768734,0.06132780003240337,1.0,-0.1475953493671842,0.7961306431692273,-0.7569911335224494,-0.3288395735516663,0.2757295209409722,0.05330114277886709,-0.015528971323573764,-0.03296961932023217,-0.08326010385362922,0.03929363510455774,-0.1274081544022683,0.033997984944027906,-0.03859009167886417,0.005574504442426681,-0.1419920834731214,0.06683151350085478,-0.4947728112547823,-0.06577460159651534,-0.17471415835667847,-0.01256980638991946,-0.6286587856074106,0.010762315116899629,-0.010197289910437385,0.022455982556746176,0.00860697275139604,0.02480922730727257,-0.13756450836214376,-0.607890192648278,-0.02597135165620132,0.18031758007035223,0.6286403212139157,0.6072547031952507,0.10523886390705817,0.04963733571843287
niq_at,-0.015323632634770372,0.19096413931020267,0.24401528415947954,0.0016754683864500248,-0.1710003537850253,0.16897233618615243,0.04474328640989295,-0.010810277353223543,0.009724368448436091,0.20106416753507933,-0.13967198902189779,-0.1727787200783904,-0.03674591940219726,-0.25273076575481535,-0.005088395110612193,0.05222985462351074,0.21302066327593772,-0.017693202373240513,-0.09077707104637488,0.10113262980679887,-0.0031623140564183854,0.012345698252346562,-0.025942479816757378,0.018075597688938443,-0.1075434789294081,0.12823140062335933,-0.06017869510318836,0.12038817408421039,-0.0028648995090193724,-0.041028502502437,0.03189896015692336,0.16670383694661142,0.050785627697645004,0.004350111593015975,0.0760142079318107,0.020548159586173932,-0.04309967033077752,0.8260805417940073,-0.007322789039852543,0.0415216390513287,0.11536288716471695,-0.20704127369555933,0.054771334313841576,0.04450018176029844,-0.04116765580371728,-0.28764521942997945,0.014893733732442875,0.5471945545644209,-0.027308703877648804,0.024580454577989914,-0.025795635206379987,-0.09246509496780549,0.02203755160560468,-0.012225072227772521,0.09867072596875946,0.7043555760017465,0.0916136926733996,-0.014527951788590366,0.6368560083714593,-0.45083614745906353,0.6632929960961145,-0.031448135918684006,0.04631411649807625,0.1910859123855163,-0.02074957387123081,0.04278317968593935,0.8573487223511232,0.30739889083904803,0.0028332319474986423,0.26497424293319394,0.48203237360086215,0.16843798784195418,0.38553432152887274,0.4454509181858941,-0.008127399108298823,-0.3987214797907185,0.1915630292345984,-0.1475953493671842,1.0,-0.3684270784182706,0.4064516255822656,0.061612461672958606,-0.009970350613987147,0.17813585322414105,0.11760950460396422,0.2716280920225012,0.03740613174133746,0.24770958622534744,0.5746394624418404,0.07306582578588279,0.27150936365461925,0.03714675862575187,-0.45954824824905116,0.2514139257107705,0.19314546097799665,0.10003097326274457,0.18378968961306044,0.015581458314110131,-0.19565148253250192,0.13550475551684674,0.34312378131621973,0.12126074626101052,0.33738011508121946,0.2014678430188738,-0.4387119296453341,-0.20466835269515926,0.12869478676699284,0.2999873904021385,0.19574977332773857,0.20648614860033035,-0.005460743884534398,-0.02170609990696682
pe1,-0.012394356526148956,0.049575203995363366,-0.06611552649080471,0.1968478152668444,0.7973427609475774,0.028059012484850612,-0.039945310011686816,0.15887215205998176,0.02600663637830159,-0.13971840788737327,0.33378469288048124,-0.23428133401365628,0.1830916310089592,-0.03397584512012652,0.14142195404762423,0.13474733866352523,-0.060940015455217066,0.19244138337844233,0.23837863575842486,-0.2507028158471154,0.17841781713219826,0.05239345213177611,0.42312877584047853,-0.01013011413479335,0.1261254973053145,0.12421388672129996,-0.23068464748567336,-0.04443402707974459,0.1298907577773087,0.04371838910392911,0.40300537491872657,-0.02169393898271758,-0.05001304765327279,0.29480952680083183,0.05824097230085167,-0.11622113056571283,-0.10363751277073963,-0.3783235732220839,0.10417576045985201,-0.09711056773238905,0.03874961874015771,-0.22143477579111562,0.11352453462772398,-0.10941715320398912,-0.007304536388547629,-0.09272405212635453,0.05012372374814255,-0.19145242240964502,0.13542058365628776,0.03661956035939812,-0.04681520235965507,-0.1054191966229311,0.07206155876972645,0.32359103557117025,-0.029907494638538867,-0.1783348395566733,0.12746779887674467,0.33846679861204465,-0.23659143803650204,-0.06221216131527257,-0.16220587497248215,-0.02978350780618379,0.1438238276450537,-0.13560106393144405,0.38502786894700614,0.31847140576909483,-0.37026612124281066,-0.054756011544986084,0.2793869780274673,0.18716928507803512,-0.7181076942705651,0.009911281806333565,-0.16185882859532386,-0.17717619948794192,0.29561127778996277,0.9026142747161349,0.007757427597114254,0.7961306431692273,-0.3684270784182706,1.0,-0.9020313291102336,-0.21666681817728947,0.2472354623724883,0.011239630602382776,-0.09802398334806905,-0.12420567698135743,-0.09405642400978975,0.001561549967220824,-0.250774330984893,-0.04133289643753905,-0.09509491086536419,0.015111056574605765,-0.009113741633104737,0.053286721770526374,-0.5578892134741658,-0.048030707127072456,-0.1532059374313377,-0.025104514559999107,-0.39868786836486547,-0.03825667956135905,-0.1452864814435772,-0.0492834398438378,-0.13376927769599467,-0.04807815357437804,0.013778141836209281,-0.45273088264038885,-0.06265241741831606,0.036382037163927745,0.3986571864012044,0.4525060146979028,0.0841996619098246,0.0018405041209729456
ep,0.040664363016341326,-0.02462436826207013,0.17058312926563218,-0.19280610290397948,-0.8244303208175746,-0.04156421693636734,0.030210236151297122,-0.18799996753202958,-0.020534438658465687,0.17098608781473273,-0.34276349509897125,0.23110500510591114,-0.18622502486152662,0.05998619055552576,-0.1524447268252689,-0.09543190000634444,0.038998352839431545,-0.20014409633889751,-0.185588848042187,0.26970785741970915,-0.15905448194409577,-0.04616525059287079,-0.41456572546733617,0.015320004447287204,-0.1265767371939815,-0.07383769464277842,0.25903162419661213,0.08175006296511902,-0.16272840353184392,-0.05341183479004458,-0.39075394363565213,0.016188104236439703,0.06253829327847192,-0.28495904498262997,-0.07069573346532668,0.1196051545215369,0.10112822353074773,0.41887691436717905,-0.055821328335534805,0.10056952170221464,-0.00877051863405803,0.24181826260579856,-0.07416525264554036,0.10387327054250044,0.01065141388694111,0.12304969852576568,-0.039621681314399505,0.19350420069070096,-0.043907569138265407,-0.08116775118502853,0.041571884213753706,0.1120706149505407,-0.05439197014924342,-0.32120855617430377,-0.010510476535071166,0.17973951134417374,-0.07919178495776807,-0.3359107354664041,0.2419644074142908,0.07079629813861613,0.16716846324177762,0.0652433728722211,-0.1278247190640235,0.1525706152108123,-0.3789773418181945,-0.315574551706271,0.41959257161210045,0.05379832027408607,-0.27316391499094406,-0.2226521155457816,0.7789337069894855,0.05050838483088667,0.17204956144545394,0.17979003684158745,-0.28797681379902185,-0.9999720755160416,0.05279035991138725,-0.7569911335224494,0.4064516255822656,-0.9020313291102336,1.0,0.22919665532407005,-0.24204995671729196,0.05015910631902306,0.09613964524446891,0.13388457938637596,0.09680237142675924,0.10568958075035154,0.2802386782397097,0.044232155198094585,0.08747503865821858,0.025600369303718482,0.020893590374075503,0.05001935577632192,0.5436005702508854,0.06728463725976386,0.163331214748718,0.028097442011340387,0.42136575373986096,0.04076038768465081,0.13289024651637366,0.04493460577767659,0.11962365767092245,0.05673045627769462,0.011782168781494943,0.4421971362504827,0.0499544044330415,-0.06079850451041824,-0.42134613863144343,-0.4417262624917341,-0.08838626645325434,-0.009606452791554006
cfp,-0.09731499302141756,-0.018260320916186883,0.022326393247754605,-0.07774026127314054,-0.2673268711838627,-0.07512619008544534,-0.02329474422413868,0.041722401649768606,-0.037781012640797425,0.45776070719560197,-0.019881167640674623,0.19725297777790057,0.004396923597987288,0.08380279221906398,-0.034964274095386,-0.037333792702649866,-0.06129252121148841,-0.007470613447761736,-0.04664453324012469,-0.07396540906786088,-0.08599316306044912,-0.015509858087626234,-0.16351693221894664,0.01565571987997468,-0.053786540533219976,-0.045930876316747506,-0.013408058637043094,0.026616529856424955,0.046187389386578064,-0.01765241061233157,-0.1814803162103655,-0.07352907928490776,0.06310783060202971,-0.08114990421228364,0.08923020092478266,-0.01995604985196308,0.03857402176451328,0.10489768040875204,-0.05435020783636325,0.01795679343637952,-0.021398841779522833,0.10633155167483992,-0.0287075156103616,0.025622333268340694,-0.11855696164322331,0.0719772527414327,-0.011103683980972256,0.36636420591222435,0.004045161374659929,0.476843508503961,0.02011891424537284,0.0017521346856885856,-0.016446486330423324,-0.13125619351670875,0.05919162873776379,0.014112438685506648,-0.03703661938381456,-0.1361860838555001,0.11298557093624806,0.2604363662429616,0.04407041036211944,-0.45818203378639344,-0.11054095493175296,0.7063960365477926,-0.1562589087374491,-0.10219471606143354,0.07709414991611706,-0.683100171753758,-0.11724538176379115,-0.04401103772307948,0.20606985537707756,-0.03392574245729768,0.7316854664228297,0.521910141268888,-0.11848325467131146,-0.23006329090125496,-0.06643291521174724,-0.3288395735516663,0.061612461672958606,-0.21666681817728947,0.22919665532407005,1.0,-0.10870261259238313,-0.03061177468872222,-0.09299311110472752,-0.11462938002073858,0.0207591651017112,0.01943713504588983,-0.043886839748233,-0.11646491652936618,0.023938657854298013,-0.016703502957768943,0.21533290715566164,0.04418588909950827,0.18246049859757096,0.1078541669760882,0.10348636455924612,-0.003982528585893453,0.24504232268662654,-0.018632877678359968,-0.0732379623482919,-0.22493925731602762,-0.09677576912178096,-0.21118966056536903,0.08278155120638499,0.2273187296275458,0.08134801676579595,-0.06339721800190752,-0.24501255739648276,-0.2262773687130113,-0.07958884078024271,-0.09109475362575838
rmax1_21,0.15688436935676128,0.04869602632292436,0.02786102721910468,0.5067084092839308,0.2772316986849397,0.07824700224754613,-0.013926366050696658,0.029881130227914023,0.5973581602453522,-0.07860076541841676,0.1619426952328761,-0.13201493398639075,0.07664339193783405,-0.07826071349166515,0.18461216105253483,0.3167220587203369,0.02007343549138712,0.08055924661721584,0.26110700970008544,-0.015863937080444274,0.5361351942351801,0.39500968245450074,0.4235998069784077,0.14171226188702837,0.1142890708840935,0.15820785872370582,-0.053366720050808995,0.13775685254268002,-0.07986752160190358,0.36979846750661755,0.4243902279663035,0.04469987065458092,0.009434265014519893,0.564835296193246,0.023860456895630502,-0.03150627626460463,-0.03509239942094829,-0.016032185787012296,0.05260071012511918,-0.03085190839829439,0.04994674479644604,-0.1604428076786318,0.14262150586744474,-0.09239180708083075,0.027518898212168665,-0.10723490287844459,0.11361468285481705,-0.0018418182789037697,0.06212598511028635,-0.020257625611617446,0.08212387425087803,-0.0984315736921119,0.11950695987240527,0.8268856739643712,-0.028695030739645234,-0.006308360201820461,0.1579864081165897,0.7306285167385678,0.00495284006252996,-0.09558308681559145,-0.00831556610567403,0.020289403316332867,0.48275683248882484,-0.04129368360266947,0.7172341872146577,0.5114823108494749,-0.009171527830908369,0.006691414183458714,0.8949533071977716,0.06623824477880381,-0.1838845440575924,0.032351030291038106,-0.024779242111978756,-0.03324073072554726,0.4808985747562673,0.24433079017576417,0.036181412030950155,0.2757295209409722,-0.009970350613987147,0.2472354623724883,-0.24204995671729196,-0.10870261259238313,1.0,0.03335833675660881,0.026887521539696837,-0.0018171054555193638,-0.0868704642116996,0.03961096609973751,-0.018341828193407236,0.01334945834675451,-0.003552541765505601,0.011452845905524653,-0.0641217198358789,0.041015120783382694,-0.20760214069363844,-0.005063438177278295,-0.014189782233157889,0.004080537721811072,-0.20463490958912384,0.0040424023009421,-0.01935263443592605,0.004102371789897223,-0.019223671638278053,0.013491803561214676,-0.004469899865953045,-0.30529484583964706,0.003914220574911455,0.0292672749537233,0.20461971448310695,0.3033417086827533,-0.0018747508274480078,-0.001271922997118978
dsale_dinv,0.05186570067048878,0.10810405245037023,0.3321480892797754,0.021773828973058008,0.022734405256337038,0.10222492121527321,-0.03275765487547019,-0.05508602330252645,0.033935018128087156,0.04276693991463731,-0.06166224511030078,-0.0641418514716191,0.0003283688266030805,-0.08783857548236068,-0.01922162420138713,0.11654924243101952,0.054435965794073234,0.021441197014613774,0.09425294692646034,0.08382443005596914,0.04954676474616052,0.042172705809524307,0.04259386487891027,0.025230559691590954,-0.03527277432305617,0.17697248881123362,0.038342635642195984,0.12978872491341378,-0.06577678560418042,-0.04295731353151357,0.0582276885081301,0.0859680337625481,0.05828437039324817,0.027190143048404603,0.04455851676845621,0.02343717192719107,-0.01603005900079418,0.18518582635212746,0.464591206562516,0.010861100636986181,0.1280155241199146,-0.12016896615672,0.10878581899899883,-0.011434869480340261,0.04420353159077685,-0.1321396403321525,0.043042141657388996,0.10541998126587888,0.24445845247144546,-0.006723751506637791,-0.03963151897700336,-0.016326095933406795,0.06086937444493092,0.027964738743706866,0.02669666877806249,0.09126543841357782,0.14966261294084882,0.0285390817048961,0.1439650481230369,-0.06810664615359098,0.08728333976363133,0.0010467851298886157,0.0692414340260085,-0.023290970501158584,0.04294055870342141,0.03750751430131489,0.18613728179486158,0.09336798474410557,0.04691425178671048,0.06406520206083668,0.177729796283274,0.9678960787830182,0.03829324637943371,0.02109124508659133,0.05006778760189301,-0.04413660433616711,0.9784555247008371,0.05330114277886709,0.17813585322414105,0.011239630602382776,0.05015910631902306,-0.03061177468872222,0.03335833675660881,1.0,0.08020265790502462,0.2786960796196107,0.04449349610769076,0.37276458396011397,0.1838015991781541,0.2732843552326845,0.03157796962599543,0.4185572622218283,-0.05335036428462895,0.3679288693755132,-0.05508615921848198,0.07965635652634113,0.09319022887264578,0.01646738397017724,0.004664655519315904,0.08027350000037774,0.014704346452121389,0.0814420274581615,0.0041762343762862765,0.31682915394658445,-0.0014542841039407394,-0.12032994654457423,0.08005649722368383,0.10993878992644637,-0.004580466307271985,0.12120904250106629,-0.024725578927682464,0.04443196831240741
ev2_neutral,0.1660847093412611,0.004992137007532702,0.05151974118011512,0.01896476603096117,-0.022989327753889045,0.09753223605334614,0.0501931470731533,-0.17379782781549663,0.03565640978505309,-0.08169720798726071,-0.19150378276958668,-0.07402045686220908,-0.21353373414022206,-0.6188023486598252,-0.00510939393579633,0.013814892003391812,0.03096373236926824,-0.18278404380976415,-0.042602529664809784,0.37977243860545157,0.06372124108802837,0.002175862456454987,0.010726768350149995,-0.02147073986940995,0.006533703676912494,0.018811965043503426,0.01029537717555008,0.024532974143985444,-0.15964773012964603,-0.024839050325987502,0.09950356718081173,-0.008165376157837499,-0.013053378960834808,0.0190068785397797,-0.013188964322210691,0.18664180867930888,-0.1008926183512619,0.16708563897469744,0.03066324505213896,0.0457355813143664,0.0054474869553826554,-0.06917929392986334,0.01032616539565758,0.07016123138038885,0.003182713612976593,-0.2704086049644085,0.0008885311303290891,-0.006120933262328723,0.01921437499065001,-0.030289727415292098,0.022514780515473596,-0.049236189261986536,0.0024639714544645703,0.025577986850101576,0.04839840075537016,0.11275807036362735,0.015446039504580967,0.021379571965316927,0.038522728708009865,0.029510430570143607,0.14805889146820098,0.036417837950236294,0.2359858448811426,-0.1573360124271476,0.02544132463302662,0.14182173117738175,0.15667713019551707,0.10728389178590896,0.02784456337273096,0.0031787081549229513,0.11279889414640613,0.08376978513472409,-0.015078748937537079,-0.015470561212856506,0.014445061682219564,-0.09429015717986104,0.1066790666116826,-0.015528971323573764,0.11760950460396422,-0.09802398334806905,0.09613964524446891,-0.09299311110472752,0.026887521539696837,0.08020265790502462,1.0,0.24703184912321213,0.00995577663837353,0.04346601574839858,0.21254634586864937,0.1410310919006286,-0.037038069052977976,-0.001166295799246071,0.06602104327364935,0.030795582963549475,0.04804222710954887,0.03947952197967746,-0.04784885588992261,0.02226417208414961,0.017875086977921055,0.06788008643291259,0.00300318869838742,0.15525794356715997,-0.0005204566689163474,0.14865498345949468,0.1497366248563789,-0.04467668096174155,0.17746950700044783,0.017377329447242938,-0.01788227902196398,0.04368452774544114,0.01636281168993038,0.07963724280659353
at_gr1,0.14065023650728933,0.04545612687905996,0.18060667776497594,-0.00984723351589133,-0.08065004353735122,0.1129220422871844,0.15179746712888445,-0.16495664879089578,0.04167850203665066,-0.0822305186258074,-0.2007213394694988,-0.09316098105177287,-0.1276723233696082,-0.15485223551079896,-0.04560848008034348,0.03995512426232728,0.16974749524001348,-0.11284966355928039,-0.05654069658847311,0.2653421268253359,0.04080401915579293,0.01261393959259251,-0.030548152437786184,0.005689567133460722,-0.05410309111219353,0.09833463968367272,0.16023409953504145,0.08521554009336627,-0.15820546521512446,-0.04721910946199122,0.026817039248253446,0.05780532043447371,0.08061453916306273,-0.041177089754441884,-0.03223939456691527,0.12126520047894102,0.009000800451061237,0.28788432228325767,0.12673240097550892,0.060804242469192665,0.08679814326373314,-0.12096305009107379,0.0394767395035602,0.029277176792661903,0.061444655491986445,-0.1403991401200679,0.006866239279735105,0.09423368808095242,0.037694407167774654,-0.04436081322535045,-0.030169061152047105,0.03536937539042914,0.011035877699142722,-0.017042983101841772,0.049047947143147023,0.22390928384419187,0.067926697457545,-0.021279766547110484,0.10894460288011623,-0.08642184897135471,0.2180042948599031,0.0448329737880778,0.0927912089292337,-0.15258937321028845,-0.009847620742734908,-0.03757501709534877,0.3030534344085765,0.2557286211075126,0.0019179265905444503,0.027583822583737143,0.2402594524817407,0.2878490971565965,-0.0231944071773351,-0.0033140507080530778,-5.4395671336355054e-05,-0.13006432169384502,0.33151174878545436,-0.03296961932023217,0.2716280920225012,-0.12420567698135743,0.13388457938637596,-0.11462938002073858,-0.0018171054555193638,0.2786960796196107,0.24703184912321213,1.0,0.052437404314895686,0.1343596542175879,0.6023574542907374,0.666849830977221,0.14941531441776137,0.05762524260851115,-0.0944536825517874,0.11845755042760837,0.013829271035913067,0.4071767628543525,-0.006746684749045473,0.027769918562930825,0.0009045482438315422,0.1826988894146347,0.11068930820067953,0.37165018306144193,0.10051807046810522,0.3715179659501886,0.018031576871661854,-0.09518082704675936,0.1837274181142731,0.16736769814875227,-0.0009554570586488013,0.09648438194663884,-0.10668566624277963,0.20113087643824748
overnight_ret,-0.06881359594542263,0.01607440651185694,0.06127921159690773,-0.14306706630495877,-0.08030562458681147,0.010550625111563253,0.026515441876855696,0.00420311834461142,0.018512261834621204,0.03207936012869783,-0.06132383373953663,0.034855977790446836,-0.02408592565428238,0.01674265452367865,-0.015215141049485095,-0.020495584326693687,0.01107193946965113,-0.0007265340168286906,-0.03808103138756198,0.06875382801128142,-0.21493227585868582,0.11340070214110624,-0.13944695096912002,-0.1978307040144422,-0.019147192815560453,-0.05860952511508135,0.07650205162808742,0.06484863831165509,0.07582006611740462,-0.04386745716504935,-0.16400637687958208,0.040688463592784434,0.010403269794823197,-0.23526312416869966,-0.001979440755766486,0.0326314361169584,0.08445098251252024,0.02955586369555472,0.02254011199203286,0.017453913194979118,0.015401863925116025,-0.010980802076355678,-0.08479255946609374,0.013511543928434464,0.02094185164003077,0.003923778159287323,-0.11560945063065249,0.03053403178024874,0.03821812940519356,0.0022206759033915557,0.0014975249523270751,0.051870887835430354,-0.11461024093204156,-0.1721076332967872,0.004264977605346375,0.034567983359708176,-0.06714040318867277,-0.19192952244689857,0.02113980352134877,-0.008984804060610068,0.029101766545346554,-0.002606702468474858,-0.18478060186064868,0.003267563902848831,-0.212866335989414,-0.21184818603862304,0.028130086138491637,0.013203909432605012,-0.09594241839192295,0.05099831415072917,0.10333164226383953,0.04401728012844644,0.01758263508676283,0.026723525113015262,-0.16494571983644019,-0.09507891735224847,0.0434451112293756,-0.08326010385362922,0.03740613174133746,-0.09405642400978975,0.09680237142675924,0.0207591651017112,-0.0868704642116996,0.04449349610769076,0.00995577663837353,0.052437404314895686,1.0,0.025064116248556787,0.044432998816139734,0.05091244519493107,0.01985302154630687,0.015795334952191577,-0.016394005265148053,0.01439294549833694,0.05645237639471508,0.014246113832008344,0.0011664841791129072,-0.005338219821840116,0.044861037241245766,0.01096609313763447,0.044111443545219044,0.01547880631460031,0.04205229654448701,0.027543124296167454,-0.024345227071717178,0.06821839057637084,0.031083529157887015,0.1392860298235685,-0.04482559154807582,-0.06654044066226687,0.011218075023569009,0.0020294264908050515
tax_gr1a,0.00852495032626412,0.1713457028198301,0.4225369991542115,0.033062523593592276,-0.009222434329811945,0.035957459394234975,-0.05242030062757691,-0.003026476648838678,0.021864204485788186,0.15394751726267622,-0.003816633578464532,-0.08897941385840714,0.03838151979352681,-0.0685020539500798,-0.018361442981602565,0.141749317943973,0.01160200865099011,0.04931650672128587,0.13841397695796567,0.01215028103072654,0.0432894906741922,0.041761078490300495,0.06132041356204002,0.02560561657894331,-0.02210840370259176,0.20959611688021454,-0.029263339712728646,0.15423307962827845,-0.017697868436628735,-0.03224646435911836,0.08325518373809894,0.0032639093284340674,0.014616371075007734,0.05978353409560259,0.03644151452635478,-0.023231649289836245,-0.038360781806784705,0.26629703681482475,0.23188991220548588,-0.017756603570823717,0.14466996962326098,-0.06113656449981944,0.13570473773778824,-0.008907050825182445,-0.039051665418861986,-0.05447050293821785,0.04801824969097345,0.14254421695109756,0.3520326935221875,0.004701955077999794,-0.03193314208322413,-0.02641805354655332,0.07443410129153806,0.03792402482508139,0.11468558745831689,0.1521192163165069,0.18239282430754516,0.03899027097646466,0.18503410925588493,-0.09421202695986665,0.1668298624132636,-0.001292698876332824,0.04898067372555153,0.08401943606836096,0.049671335864544565,0.07280507987456694,0.24647541498086994,0.0307890040758922,0.05528254463623498,0.06576163102506564,0.17119612483098695,0.3708384156941814,0.12540661638084885,0.10574116418149601,0.05436530894063502,-0.1006334769156895,0.3770961150902162,0.03929363510455774,0.24770958622534744,0.001561549967220824,0.10568958075035154,0.01943713504588983,0.03961096609973751,0.37276458396011397,0.04346601574839858,0.1343596542175879,0.025064116248556787,1.0,0.19110532047598805,0.09125802949884773,0.04214139018282248,0.1940293707647501,-0.0823628850049156,0.47314163324709785,-0.055477347669023916,0.10207857601916447,0.07966259233745802,0.011330545069191622,-0.0460767345106511,0.07002239713437639,0.015514157835537504,0.06126296718464824,0.00909554860788344,0.13719642717794006,-0.02563887947932572,-0.13157200898341992,-0.0015400749846818267,0.0556350014908165,0.04610065101422783,0.13144173086298616,-0.03658018983816297,-0.008370663714965997
be_gr1a,0.13904643441790365,0.11669261513469464,0.24225258180722842,-0.01743212337338571,-0.152181192125231,0.12039841180211679,0.07955325127847176,-0.1736969514623617,0.03367561872258021,0.10846406589458273,-0.22524576961539308,-0.14571595391436964,-0.13232056242969506,-0.18858802421707288,-0.034216976152395204,0.04198897827104241,0.17338734267454808,-0.12386305697839768,-0.11112753112300629,0.28365919070622614,0.037585243010934535,0.007845844293159158,-0.04849455544701857,0.003843336983142579,-0.06122607418016642,0.13439766392568053,0.1548850028871486,0.11282853554125723,-0.16419836952655975,-0.048797029633018484,0.00932927280094952,0.09477551664818323,0.052923300076515606,-0.04034007237669818,-0.04323080042942819,0.11727952145779011,0.0021025902673484946,0.4754319245964359,0.02999285386729704,0.05118822547443433,0.1253843019673587,-0.09766626153394216,0.04488245239336598,0.041019665099823334,0.06321417783320285,-0.11702114187546447,0.005452441805747746,0.26569948208682914,0.012460463087560656,-0.011288891366604568,-0.006798925381436068,0.005598017695942953,0.010116943969980662,-0.0363615568960279,0.06917920892990617,0.43662192678890854,0.08775082416336108,-0.0406913827252958,0.3053899803868263,-0.30993542143323366,0.4099362892841175,0.005239284316476164,0.09573252885790909,0.029297916622724664,-0.041133516060522166,-0.03321661617352587,0.5099159846105896,0.2906099321865668,-0.01597922952467847,0.034734673218049635,0.37293683548451306,0.17505300076519076,0.14711813774379942,0.2157260081518166,-0.0260509484237572,-0.2743289416789319,0.2081183876900362,-0.1274081544022683,0.5746394624418404,-0.250774330984893,0.2802386782397097,-0.043886839748233,-0.018341828193407236,0.1838015991781541,0.21254634586864937,0.6023574542907374,0.044432998816139734,0.19110532047598805,1.0,0.1248995093522306,0.23365537712469012,0.039985311485126455,-0.322720582386271,0.20401883743862806,0.05783822057315577,0.3692388176179053,0.05330780774812297,0.026026522986073823,-0.07866682620328971,0.1693585255692884,0.2992575098206648,0.18540338167741505,0.2901220779160016,0.2770907692375551,-0.2551634787230599,-0.08973036842508238,0.12993947923398552,0.1727095130209503,0.07862663856168549,0.09135987202945185,-0.031346701565674026,-0.000938284139845774
debt_gr1,0.09598069493501932,0.02017754596926789,0.11961818939031,-0.0006603855824332554,-0.022764000093586746,0.09257435117584335,0.1430599827569876,-0.10772626506086232,0.04109980025742357,-0.18171607164366974,-0.11643839889335585,-0.03563154675995362,-0.06807054486723242,-0.0595323467245798,-0.03101283400781295,0.04850020829945748,0.1085510378493907,-0.05253828973549733,0.01543366089635991,0.17850068095482394,0.024286040717972742,0.02257946603248727,-0.003918797106215438,0.008433160954176592,-0.03945141450178522,0.06698790772872805,0.13794333670128597,0.054630617180001034,-0.10914962320096523,-0.03136882818934784,0.0147034349766003,0.05428296792278566,0.04999664134871807,-0.04108002522406271,-0.03129798231851419,0.06463889617349325,0.022542609629611233,0.11218634362962907,0.17793686074391793,0.037170524145064464,0.048128771854059164,-0.0869844944307455,0.043429024846279134,0.017982747053071544,0.0575112035325368,-0.0838867807059042,0.015692967882357616,-0.0029537899595739998,0.06436096166970504,-0.05557146347461773,-0.026135409266241253,0.04711095388864007,0.02136041124200434,0.0011707467150018612,0.013074231949489938,0.0765718999538109,0.05562487206248117,-0.001272078275136929,0.01882402290664794,-0.009887868215117465,0.0671365852143827,0.04847404729773483,0.04671842502038742,-0.17917791597872285,0.016590187780728637,-0.0490641048438152,0.11963022581961716,0.14334285896210908,0.01835666066721714,0.004203622784873483,0.10743513846516924,0.2886421650644345,-0.08039152639431059,-0.08462806997951995,0.02632282880568913,-0.04256825277652442,0.32095368905736416,0.033997984944027906,0.07306582578588279,-0.04133289643753905,0.044232155198094585,-0.11646491652936618,0.01334945834675451,0.2732843552326845,0.1410310919006286,0.666849830977221,0.05091244519493107,0.09125802949884773,0.1248995093522306,1.0,0.03881576757369108,0.0702014152728989,-0.00346777910663218,0.05044377380829102,-0.011637870483783229,0.17766605466195495,-0.03385976251203477,0.020308220448249897,0.0049899724825116405,0.13019440634798962,-0.011439242904089882,0.3473971828189893,-0.01812537786031583,0.3068034890968296,0.10181282025017792,-0.06393379014418672,0.17535485043701304,0.11319845667193626,-0.005016865568835976,0.0644101841077903,-0.06441766280330416,0.2508962589721117
cash_at,0.03700132701311685,0.10601896408800278,0.05778180832732655,-0.004276834217814411,0.003644210611514038,0.08523221207419654,0.07836198504666836,-0.04751132641632629,0.01630207055894368,0.046558963907541946,-0.09703414465959774,-0.06313598980086171,-0.07730851065122085,-0.13340497553797426,0.0034527106922296095,0.025560257099205085,0.05352928974359248,-0.0758093497974752,-0.036087506458641644,0.12115066395538808,0.012971106370445325,0.011765408369467642,-0.03237108996862552,-0.005916743551132791,-0.015831563666153247,0.04116531926168393,0.02596236752743966,0.05059842588911766,-0.04228988787481746,-0.02829808586289492,0.007181553223467317,0.10745369061030129,0.07288504249968084,-0.018471507991493785,0.03265804264843312,0.062412971582503064,0.02507483409276764,0.18798270452982005,0.001657898985292586,0.015251649734718346,0.03026459905610819,-0.08517731792364072,0.022562323292996893,0.02834351949178496,0.08370794709501009,-0.15810587719889568,0.008672011155139634,0.18721798085826163,0.0035905433087113385,0.039424024022042675,0.003326570144751463,-0.03998383216171647,0.012592664281311172,-0.010519044470972985,0.03789778550698361,0.2139462655814806,0.0322977816815808,-0.011409963807714855,0.16945580273992997,-0.24685127625523415,0.1487635812420373,-0.04349120446243721,0.047482565242656996,0.1443186036599506,-0.015098464195160808,-0.008717643432500581,0.18434833147955446,0.025044426878334986,0.00010182447959361313,0.09512525912806821,0.16202632145840465,0.031065439369281363,0.17688554837119308,0.2632340054488158,-0.010194077543714302,-0.08482384784672908,0.029922045338323384,-0.03859009167886417,0.27150936365461925,-0.09509491086536419,0.08747503865821858,0.023938657854298013,-0.003552541765505601,0.03157796962599543,-0.037038069052977976,0.14941531441776137,0.01985302154630687,0.04214139018282248,0.23365537712469012,0.03881576757369108,1.0,-0.02370443404947985,-0.4259354241536885,0.04241779430172608,0.10388358469513417,0.3297941242252038,0.007023813438679846,0.009983182368378977,-0.11367821939191466,0.08350485648346137,0.4896609272396453,-0.016193724372642156,0.449515832012454,-0.01174439333590198,-0.3061920442252271,-0.052526113174935274,-0.035609274344806235,0.15239392930103504,0.11370755407483825,0.05436512744669846,-0.5783957611306366,-0.018088049916836144
dsale_dsga,0.028060230196038247,0.048065309284482605,0.15930874375849424,0.01039436165769338,0.0030683260073986244,0.0030144894797674722,-0.038586294096689185,-0.028790556929908298,0.010190114616887319,0.002641506831186083,-0.004703289809047248,-0.017821398755836562,0.011498823905243679,0.010316187400013993,-0.0052582898220328,0.05692506248285451,0.0015301092732752663,0.018154417902779673,0.07051720847225844,0.019265264794907963,0.03158630806435703,0.017622060418767543,0.019501551429631347,0.008633751793490897,-0.006720902972486849,0.08736621211371821,0.023005693409352577,0.058238335501247775,-0.035491350045487834,-0.014257527961727363,0.021070373932173786,0.009742299073124348,-0.03000885446663042,0.02457116381299109,0.024250711952112345,0.0011870598392696025,-0.0160222448239274,0.056070707887531726,0.23089278964378016,0.0030360396739657894,0.06050548341274351,-0.007002742589616845,0.05394239670065675,-0.020148593386485572,0.011977946939953354,0.005852995413046656,0.019420724779662002,-0.006757876155209182,0.141577261309064,-0.01170992412541596,-0.005764669467665866,-0.007610923935596663,0.028217363824554836,0.008622222562015686,0.0030610923827015116,-0.012556886304208004,0.07578960948688737,0.009589243036524267,0.021612085426426758,-0.006053008972015232,-0.013055274209708522,0.010640373169111468,0.025209849345602088,-0.002685283312395464,0.012006308537761563,0.015410386066934444,0.05423731492508689,0.026469699169843746,0.01531335535502342,-0.016554830977051304,0.0708008954141134,0.41365871385043645,-0.002049171606600178,-0.013638222586836187,0.014730809833889708,-0.02236917898607408,0.4110638655596216,0.005574504442426681,0.03714675862575187,0.015111056574605765,0.025600369303718482,-0.016703502957768943,0.011452845905524653,0.4185572622218283,-0.001166295799246071,0.05762524260851115,0.015795334952191577,0.1940293707647501,0.039985311485126455,0.0702014152728989,-0.02370443404947985,1.0,0.004148109847447924,0.21524022923634986,-0.03459064861121579,0.019670600217380953,0.05528332325229299,0.0021311930409756677,0.03697561872227365,0.004507144333246535,-0.03408607577203219,0.014415910490737345,-0.03509526405678478,0.10087383837029676,0.035092863729433176,-0.037468452384691424,-0.005095089273860332,-0.006060856448037221,-0.03694318578527719,0.0378517065074434,-0.0026820310139649742,0.005516813761123335
netdebt_me,-0.07115775170639399,-0.2086276794165777,-0.08852172975194811,-0.041296215339197015,-0.15370816164816045,-0.10131254817599669,-0.06745074147668394,0.05711732743548178,-0.03620406313645556,-0.017063564283247148,0.09337743816888307,0.35352887234247693,0.046970181148669826,0.17192990884791556,0.018442171299828527,-0.09180794965619135,-0.14036425729702479,0.0345433445409182,-0.028579225926069568,-0.16460915868094605,-0.05170242478405069,-0.039492614551432714,-0.06763327185627475,-0.00792742130889164,0.03450643848402015,-0.1251878175606473,-0.036154214800953564,-0.08704416586028087,0.061875440536320936,0.014893698247179732,-0.12046877899944361,-0.21631645483150422,0.015250308088226026,-0.0292214252668977,0.06066612845977827,-0.03515079958731942,-0.007559010534927437,-0.2188622232142066,-0.020270459703967923,-0.011989347590581104,-0.075988949995883,0.15543761094800818,-0.0794506602916621,-0.025503316634108358,-0.2116948258504352,0.17408885289988596,-0.03237622553223426,-0.26983776635988593,-0.019076240881747853,0.042686847445606434,0.054418168109466585,0.029378780074588738,-0.046574634169209664,-0.06449571861932395,0.029276246770357228,-0.3427432424175744,-0.10470291937753166,-0.06491814183289006,-0.3152718824758472,0.9565054545126922,-0.2621597656246773,-0.021468577693639575,-0.090633611282546,-0.10105370527801519,-0.07875027661532207,-0.048935742910891054,-0.2491656741302374,-0.13776144212529126,-0.07513938629000326,-0.1482296305450711,-0.12867792082766785,-0.0453667094277576,-0.18147669441799094,-0.3394832440007369,-0.06718502770703862,-0.025065504295629405,-0.05252626091273591,-0.1419920834731214,-0.45954824824905116,-0.009113741633104737,0.020893590374075503,0.21533290715566164,-0.0641217198358789,-0.05335036428462895,0.06602104327364935,-0.0944536825517874,-0.016394005265148053,-0.0823628850049156,-0.322720582386271,-0.00346777910663218,-0.4259354241536885,0.004148109847447924,1.0,-0.0632762091481436,0.002048374420466492,-0.0788260162158417,0.06149531452909615,-0.009788694053923836,0.4535463968576888,-0.09351548777408661,-0.5434110247560631,0.007471763304242765,-0.5358450400421653,-0.04807913509136581,0.7025508763937465,0.2622447071302409,-0.054844420167521335,-0.23044237934047995,-0.45359359744335775,-0.26344775422182215,-0.04777322810822826,0.08843151371866977
ni_gr1,-0.04079060685251378,0.10119512013200274,0.441158496819705,0.040059897288707846,0.03126859672727713,0.0336243868125846,-0.05686166458283172,0.05562315493009163,0.006076232178855992,0.17740158347139504,0.05240987461046132,-0.08530583936180411,0.06807402325793734,-0.1128559339821318,0.0030630120577376987,0.12820273761038048,-0.029336835866497043,0.07559383504241463,0.12203524293555708,-0.06663174215201684,0.05886139038855254,0.03684721905801109,0.07987351988462721,0.015711685548637024,-0.004714540005274851,0.1861569414312203,-0.12239662709305134,0.12993418509929125,0.03851101047261756,-0.016328269208479358,0.10294191262927599,0.034144551192853645,-0.007460249149469152,0.11025917544239604,0.06942268268114687,-0.04475729556828292,-0.08292431945199498,0.26519598384054266,0.18943462851419807,-0.024247072520781426,0.12180559328666024,-0.0515111881204698,0.1216130408744855,-0.019802418679753925,-0.05533960303226621,-0.10698681031399938,0.042021875333798725,0.11471906178941156,0.3910794729511171,0.039680127438867334,-0.0191121681821965,-0.0627579938072435,0.06653961840369411,0.04748047496431982,0.0299952799531546,0.2064930532232312,0.16203276842062045,0.0496800445046787,0.1407016243501962,-0.06712221126709074,0.20277078084171984,-0.03221903303144009,0.0546470496382652,0.08601497527079623,0.05437141555117755,0.12869867494679726,0.28122210457169466,0.06161846799476094,0.055187644561429675,0.10456826031482729,0.1736270799738303,0.36405699818061815,0.10973275801291263,0.08966246620732614,0.050812516852285126,-0.03839083392213468,0.37206513991037077,0.06683151350085478,0.2514139257107705,0.053286721770526374,0.05001935577632192,0.04418588909950827,0.041015120783382694,0.3679288693755132,0.030795582963549475,0.11845755042760837,0.01439294549833694,0.47314163324709785,0.20401883743862806,0.05044377380829102,0.04241779430172608,0.21524022923634986,-0.0632762091481436,1.0,-0.07055327922771948,0.09162962743473929,0.06609075826696657,0.004643703816245713,-0.05189278808681082,0.060391024557818127,-0.0012067109194267857,0.04666416907444452,-0.004078298621863311,0.1214389447207499,-0.026344354237908228,-0.10812029732037298,-0.00912596906161812,0.027719418989006754,0.05189842982411001,0.10809461973779341,-0.02841634482128073,0.010122054387031142
dividend_yield,-0.10869700720910014,-0.039140794074689685,-0.028846866522335073,-0.16518000120537796,-0.5219350484837527,-0.003896335521533584,0.023472378416189255,-0.002974250878714866,-0.030037784115463477,0.0771843927637779,-0.19042840481133227,0.15883091908287225,-0.08663137490296628,0.014624038859061918,-0.15391791447382247,-0.12402691396022092,-0.04333091544112628,-0.09692238667108781,-0.16876093425919675,0.08415158098121839,-0.17970260312387043,-0.0542325920330891,-0.3469470003371895,0.020623963452739095,-0.11973515574607954,-0.13989713378669785,0.073449502494621,0.006862846466432272,0.01848214562846233,-0.0012605172145928544,-0.32259546728384164,0.018603169956657516,0.043988168959774476,-0.23562623989833612,-0.006686953478040799,0.047277800431991354,0.1102911943865478,0.18709148257095498,-0.07895537940963815,0.08930045253774654,-0.06969874354395919,0.23064907964549855,-0.1041625000457961,0.07645891963683768,-0.020126854658098266,0.04296971735578786,-0.045797405114196964,0.13581829490726427,-0.10537043405278877,0.011075078785388548,-0.009864140252449818,0.08377780795134346,-0.06566157613389102,-0.26777015153917444,0.031210299146090914,0.11333230661910251,-0.12855584032103134,-0.2804151212046427,0.1547269223745804,0.05093201525102901,0.0958129030461808,-0.009638961111018262,-0.17544580318573313,0.12010445618580586,-0.31296714211188587,-0.261955365206542,0.17645855207632521,-0.008710765659796997,-0.24132528616474103,-0.12088333193802851,0.38785792903006844,-0.053269903256163514,0.1422078640814774,0.16693154782712485,-0.24078966844972535,-0.5467096653039706,-0.057505550447718407,-0.4947728112547823,0.19314546097799665,-0.5578892134741658,0.5436005702508854,0.18246049859757096,-0.20760214069363844,-0.05508615921848198,0.04804222710954887,0.013829271035913067,0.05645237639471508,-0.055477347669023916,0.05783822057315577,-0.011637870483783229,0.10388358469513417,-0.03459064861121579,0.002048374420466492,-0.07055327922771948,1.0,-0.007711898749336099,0.08593865296946757,-0.0011665340599403494,0.28518216395679497,0.005577310906692607,0.14172322632888937,-0.006505766415350665,0.130356314522885,-0.018930928548203566,-0.06095313098359058,0.3752721415813361,0.024660164833332054,-0.07905216174442013,-0.2851790883216318,-0.3749866770120388,-0.06483403234002474,-0.015319985325809029
cash_gr1a,0.04505550438297958,0.03975692760636678,0.0987102033639369,-0.003213741591834637,-0.04843736136500183,-0.03675188485483676,-0.03531074223009493,-0.05345394144292289,0.011718323184312126,0.09703785638305364,-0.06637972921669102,-0.035180836113619184,-0.03283515655676312,-0.047837928272084225,-0.02247130774829951,0.021346525002847196,0.05462979194359061,-0.04199732490403613,0.0031984124635828174,0.08229411202282033,0.015615165853925016,0.0005499163318674175,-0.01758302108944984,-0.0003207148377813497,-0.0006206303326833179,0.0620599666032583,0.04465532336760867,0.04916984701815071,-0.049810678299292706,-0.01450510630643998,0.017439591709749864,0.013299841354264617,0.03847210245852934,-0.0062467105431037815,0.00418322239634801,0.031721870581206214,-0.0041843572239188154,0.11424997565517613,0.02630676420546002,0.0012350373232313447,0.0556398074584146,-0.00831212536061037,0.024546055624979825,-0.007210942025061467,-0.005044530172488499,0.019481338481552153,-7.992136117947306e-07,0.09563962890807257,0.0385884186874122,0.07742829128717764,-0.010435652341958992,0.018201985060695824,0.003517978280043982,-0.01312170019483689,0.02132413123330825,0.07036902132611542,0.0426993079385596,-0.01506859626759237,0.04591966818684964,-0.0169823802146689,0.07729770440786873,-0.07479818973014546,0.028236372559363357,0.16518277645558746,-0.013687174636887074,-0.007387422368230037,0.11649106960561628,-0.08903131041179854,-0.0069903582474651295,-0.003660119821022103,0.097007636269367,0.08083856490506157,0.1692536700428596,0.136891112267572,-0.008659508815850253,-0.06597666841394711,0.08459664663553267,-0.06577460159651534,0.10003097326274457,-0.048030707127072456,0.06728463725976386,0.1078541669760882,-0.005063438177278295,0.07965635652634113,0.03947952197967746,0.4071767628543525,0.014246113832008344,0.10207857601916447,0.3692388176179053,0.17766605466195495,0.3297941242252038,0.019670600217380953,-0.0788260162158417,0.09162962743473929,-0.007711898749336099,1.0,0.02545438936666776,0.008726985678609498,0.02567849837613569,0.04250947025878414,0.0609250342989934,0.03521361464945588,0.04360914964143278,0.0391690329436514,0.04219510838486944,-0.050783297072525255,-0.08570455082767513,0.03263405768207092,-0.025713176276042332,0.051082659082381916,-0.2621903802240112,0.040639611147709635
sale_at,-0.007999623728622974,0.038213267507446955,0.0943648484103918,-0.0051452479255588435,-0.1675128370655051,-0.014137784913313427,-0.05342723389595841,-0.0015517164210839497,0.005544882797693263,0.11317579319423789,-0.03767416226469754,0.2296835215976545,0.027734393329921215,0.0065922190939022495,-0.0038748886376289023,0.02260563091482899,0.06572342976000572,0.01627737284385914,-0.0004540817393513444,-0.004262345142372098,0.01190607253658163,0.006248574532639268,-0.03436441361013784,0.027845938239570076,-0.045940710917837475,0.04391352137571273,-0.002064587539774202,0.045222028139117645,-0.0019491217703410822,0.0022912152411166307,-0.01564202361498751,0.23478192468193676,0.22914828960032987,0.009463888278286595,0.13029003912530868,-0.0397333159113994,0.005990918712339686,0.25030974507563747,-0.0411420633583962,0.010888183528174333,0.03800018681423912,0.007787810916294395,0.02278764376341264,0.016041970524233246,-0.2220587554292637,0.025860424369407064,0.006094535423725157,0.09378204901133609,-0.0055524722916705585,0.02706972550883616,0.014431822750748205,-0.0315299832888009,0.011138323070608733,-0.022680873282388908,0.09064985569827136,-0.18001404422665693,0.03384170128326847,-0.024028215655340794,0.4617257600085114,0.05841865145789797,-0.23368425323801928,-0.029006499755873216,-0.011257896928879583,0.12391614726107443,-0.027185601744497682,-0.017262951007293952,0.23055706471996856,-0.016883278255649826,-0.011696636387737686,0.02946948293535229,0.1827584714004515,0.07734067022137375,0.1434174394259013,0.0371998549624672,-0.014937624453621751,-0.1617569806682119,0.09074968850833855,-0.17471415835667847,0.18378968961306044,-0.1532059374313377,0.163331214748718,0.10348636455924612,-0.014189782233157889,0.09319022887264578,-0.04784885588992261,-0.006746684749045473,0.0011664841791129072,0.07966259233745802,0.05330780774812297,-0.03385976251203477,0.007023813438679846,0.05528332325229299,0.06149531452909615,0.06609075826696657,0.08593865296946757,0.02545438936666776,1.0,0.004414885828316334,0.5020854518068665,0.01882351213493807,-0.18465516342245286,0.020520635809566184,-0.18778887395002583,0.1193076794433342,0.19477497891451157,-0.050258467796014235,-0.013599640526455242,0.03189650457029122,-0.5021185142900001,0.05088059841779518,-0.1909017376511466,-0.04098600668403634
ps_gamma,0.0857935880878464,0.018470174788120224,0.030078098131334923,-0.0029907135054845647,-0.01743914396934451,0.004047934563771627,0.013731095271235885,-0.09492739688572681,0.04298576001219152,0.014767365129080456,-0.049424497404597485,-0.005072864121976532,-0.05748812779727068,0.007530337662772653,0.025141771142641572,0.01984332314463379,0.021261170136860276,-0.0580950171133038,0.011816376924312777,0.08235618272162355,0.03425281280601862,-0.01301886231423517,-0.008575626164621767,-0.0046611076169455635,0.005611344877206371,0.03570160845886592,0.07766403908354445,0.02520608473497755,-0.11169193999955185,-0.037023013150582436,-0.011088278166318,-0.0017312160943863677,0.017124573807261338,-0.001865238402251943,-0.016487481012802115,0.04785509447487731,-0.015793513740913364,0.013031570288173415,0.007443722780217379,0.007705127371418434,0.019474059992062795,-0.027034276577954715,0.03071328247204564,0.0022974505341256564,0.03043173782457123,0.010343647033578587,0.0251302939701812,0.018860891485674984,0.009379880000169864,-0.006845395167892219,0.02797598318440523,-0.004892473547607525,0.02851624128948596,-0.014923113513405643,0.0009469755260671091,0.0025460223704305385,0.03196449163579347,-0.0029368591980200127,0.010375130871682944,-0.010628557295171885,0.0009344907687769819,0.004694891532928866,0.0505302802958265,-0.0009124018577566734,-0.0037910507920345072,0.00020262034700752152,0.01270043985711481,0.007952805798142767,-0.0019889632637809305,-0.0698586398289061,0.04111905272208896,0.016626530267358625,0.004885849950881353,0.010369388912746679,0.01444491911792622,-0.027958719200312565,0.017160423913087065,-0.01256980638991946,0.015581458314110131,-0.025104514559999107,0.028097442011340387,-0.003982528585893453,0.004080537721811072,0.01646738397017724,0.02226417208414961,0.027769918562930825,-0.005338219821840116,0.011330545069191622,0.026026522986073823,0.020308220448249897,0.009983182368378977,0.0021311930409756677,-0.009788694053923836,0.004643703816245713,-0.0011665340599403494,0.008726985678609498,0.004414885828316334,1.0,0.002714669903366954,0.00636309059019257,0.019130844433865857,0.00708376771611844,0.018379402883655138,0.010657105328784191,-0.0031112514444649746,-0.005203287642829457,0.00896269487360959,-0.027787741114514795,-0.002704526467262251,0.005580025569741096,-0.004091879668567454,-0.0023615783658744944
sp,-0.04648797467684291,-0.19509767946939982,-0.029411496594218538,-0.15840740605990575,-0.5271306533291731,-0.16970424749129245,-0.03529092310274801,-0.06350807863683373,-0.04565841164054566,0.18265552826170017,-0.1134446849468753,0.45403394884817627,-0.060961813298507646,0.23155329270595493,-0.09762806667997657,-0.11790644232762029,-0.1260338504316085,-0.0930314153756352,-0.12379496796055776,0.046501719412136454,-0.1357005681492115,-0.049247559411443445,-0.34701237389655043,0.025788667089127457,-0.046210675886160235,-0.15022026900635396,0.16381663934549467,-0.011473274111994291,-0.04951673732915464,-0.0007723590568491442,-0.3572272279957345,-0.043724334930942965,0.16909852114053045,-0.19457418822137398,-0.06863190370181521,0.023789781997032813,0.07307250944431364,-0.01800414712932611,-0.07264705094609228,0.0607833995030248,-0.08078167828696035,0.3774189414198245,-0.0991349673075228,0.03184168089533506,-0.12502137463610336,0.3012105838384792,-0.04375431269363334,-0.22245887149522472,-0.03806084904490738,0.04525795082095428,0.08331605682628718,0.10637235052444106,-0.06126309680353265,-0.26500048261204845,0.08673139719818584,-0.36701335504960103,-0.12893866135470206,-0.27615040396091883,0.009110538000210472,0.4919691616177428,-0.3648606697396997,-0.03983905925466696,-0.18187350796016927,0.05733401197195039,-0.31118495575261884,-0.26417124223698174,-0.05961858041584405,-0.11609914988294154,-0.2367903107783137,-0.31416493186080646,0.2637699416151241,0.001991074876532547,-0.023058188652000534,-0.12122089832856113,-0.24190273804495144,-0.4259014819587879,-0.0016461712770589243,-0.6286587856074106,-0.19565148253250192,-0.39868786836486547,0.42136575373986096,0.24504232268662654,-0.20463490958912384,0.004664655519315904,0.017875086977921055,0.0009045482438315422,0.044861037241245766,-0.0460767345106511,-0.07866682620328971,0.0049899724825116405,-0.11367821939191466,0.03697561872227365,0.4535463968576888,-0.05189278808681082,0.28518216395679497,0.02567849837613569,0.5020854518068665,0.002714669903366954,1.0,-0.0437124752410185,-0.24602769001483799,-0.004695594377356144,-0.25713409994608005,0.019806783206458296,0.47073542237010696,0.562837443212382,-0.04978621321448482,-0.27426238286461196,-0.9999976536932922,-0.56129715247975,-0.1720498132524192,-0.003276330675181865
capx_gr1a,0.030322099105987967,0.02206195174621525,0.06372592185514926,0.005735006707205787,-0.014153597676761302,0.053876937465272896,0.3750357175884128,-0.033098679460626376,0.009143974760754832,-0.026519020514237823,-0.04885597962131408,-0.05823643252226427,-0.03565989142944026,-0.07294124056233305,-0.005173834912329799,0.017637912823627623,0.06417732472104191,-0.03406551078036444,-0.015145334708527455,0.06274036885625296,0.009976790419558675,0.0031920841663412086,0.008973810917713305,0.0004954598322407229,-0.012731272614333074,0.04797858035766013,0.018547251109917003,0.030222166090797514,-0.031851387309727475,-0.010899764915443363,0.021956063496947217,0.028610911474205507,0.0059643454053573955,-0.005873592404939375,-0.0018463179602047322,0.035552124851654814,-0.0007659035314856588,0.12104248897580216,0.03896056496832039,0.005730599427772177,0.04236594202309372,-0.0427431141784815,0.01796956410184028,0.006816719591241688,0.008905099202592933,-0.05490108600839811,0.004207572043394827,0.06386117212067123,-0.0063599755723074145,0.00023719175472401054,-0.006469945756265924,-0.014533479395030179,0.007225695729128104,0.0015539015813342263,0.021648541300137006,0.10197263633047585,0.032003912302825434,0.0024948124727912453,0.07755460954548044,-0.08903420241127562,0.08875957896346554,-0.003645622689487682,0.03653361679517289,-0.14244415871710084,0.005023151259069989,0.011420617842120605,0.12685701239020167,0.06266437094033052,0.00646377641954356,0.03159793718283754,0.08122833079647115,0.08115028703889239,0.04174284814679386,0.053796302879545226,0.006816700979421409,-0.03898316411202662,0.08875194823810192,0.010762315116899629,0.13550475551684674,-0.03825667956135905,0.04076038768465081,-0.018632877678359968,0.0040424023009421,0.08027350000037774,0.06788008643291259,0.1826988894146347,0.01096609313763447,0.07002239713437639,0.1693585255692884,0.13019440634798962,0.08350485648346137,0.004507144333246535,-0.09351548777408661,0.060391024557818127,0.005577310906692607,0.04250947025878414,0.01882351213493807,0.00636309059019257,-0.0437124752410185,1.0,0.06920880140195308,0.08327388546270967,0.06480621871869624,0.08977141539998698,-0.048865118859937266,-0.05163749076961121,0.33471572982445225,0.06083003397072315,0.04370778805911688,0.05203305568863361,-0.03785748585446222,0.07997361700573627
caliq_cl,0.09622946230861834,0.12149826700698667,0.05192318106121843,-0.018537286133927914,-0.05107584446722347,0.08512937159224017,0.07251072506202332,-0.12452003399744141,0.018326698477905096,0.052007139767364305,-0.16785454804223698,-0.20724536319863265,-0.13681028152947272,-0.04944370510239868,-0.004295319963448183,0.03194400755574829,0.04411227304784557,-0.13307314089939695,-0.03818219227202757,0.22714633229051895,0.005896900594935565,0.01958103390969757,-0.07333946569913632,-0.0036018850993305668,-0.012130568444107414,0.04188537664403987,0.16474183543836604,0.06360110482730909,-0.12138915322238426,-0.043459884965415904,-0.048149081869844595,0.12744865643689252,0.05042143730257943,-0.08099483545491523,-0.11256593003016709,0.1078286310405832,0.08646012100697519,0.15758834255406723,-0.009127624114583358,0.026660913205155862,0.02712161130042013,-0.04250276254030316,0.026145567830410124,0.043194610084156364,0.2910207037182012,-0.11334348165076144,0.012681421094634845,0.19049709612746468,-0.005280209112794516,-0.013712986050296978,0.024290436360855497,0.0008704870328108681,0.016738606378784344,-0.040399484839492864,0.008652536655122387,0.31730869907451537,0.03340187876284053,-0.04221371978438206,0.14465757669260326,-0.4786720375931892,0.2278035626968461,0.003378912843791509,0.037752394690096024,0.10314568061125791,-0.04576570776073867,-0.09981995743849638,0.16374529060813753,0.14986886449811868,-0.018737795522825555,0.011071003326327834,0.2061077575697711,0.0024169407856036483,0.12387913103960432,0.3999586994623765,-0.02438480673719056,-0.13024742577360598,0.003451871926557132,-0.010197289910437385,0.34312378131621973,-0.1452864814435772,0.13289024651637366,-0.0732379623482919,-0.01935263443592605,0.014704346452121389,0.00300318869838742,0.11068930820067953,0.044111443545219044,0.015514157835537504,0.2992575098206648,-0.011439242904089882,0.4896609272396453,-0.03408607577203219,-0.5434110247560631,-0.0012067109194267857,0.14172322632888937,0.0609250342989934,-0.18465516342245286,0.019130844433865857,-0.24602769001483799,0.06920880140195308,1.0,-0.06187575761984327,0.9670698571370148,0.022076857189266084,-0.7035330387887682,0.03095240540754658,-0.013893752358832282,0.16205742886049668,0.24608012571314303,-0.02855639768319693,0.02173634886774011,-0.028227077146804568
inv_gr1a,0.020820099995065334,-0.006358707664164948,0.06397395509332551,0.00524764511246615,-0.0314938152729096,0.08978228385258427,0.03414664909451197,-0.023968153559379812,0.010277659435223572,-0.16873157976895042,-0.06237283197681568,-0.02207183499974527,-0.027884096345825053,-0.12596184322868548,0.0025360705732386,0.003162732870867039,0.0841690555515117,-0.020463610894642485,-0.04318874053105987,0.06266055686022658,0.014094393853424085,-0.0006604780617619645,0.0098848304268851,-0.0023459066581752834,-0.01958821814116246,0.030634830141284968,-0.007464087009124783,0.019090363684134286,-0.020963985019488377,-0.012493570696381809,0.026379268817568188,0.07318588467988013,-0.07636614924858123,0.00901474568040329,0.0009823440543651175,0.029844255171603384,-0.01427320833393691,0.16568020010689197,0.11333513138561681,0.003596251024165486,0.032767250339245824,-0.07718522337284132,0.0041426722876420335,0.010636661735509428,0.020793579856100856,-0.12820815532678034,-0.002155320591145809,-0.040129289511160855,-0.007079206866853836,-0.13579260029783302,-0.005584728217334496,-0.014331282300261606,-0.0031949287016351173,0.006797681339899592,0.037919776176356536,0.09284694064510633,0.016463940056365055,0.007114171526075229,0.070642389487601,-0.006256459041124803,0.08909253340191606,0.13195932283437445,0.04073458643179304,-0.21952819506547722,0.011080647133860385,0.028349217273637477,0.16289055231042548,0.31652916414963156,0.008984267777150773,0.07288781140407037,0.10989179283304445,0.19626073903513033,-0.20228941297332237,-0.18106005969223674,0.012025792003312065,-0.04332041643726142,0.21642728059104868,0.022455982556746176,0.12126074626101052,-0.0492834398438378,0.04493460577767659,-0.22493925731602762,0.004102371789897223,0.0814420274581615,0.15525794356715997,0.37165018306144193,0.01547880631460031,0.06126296718464824,0.18540338167741505,0.3473971828189893,-0.016193724372642156,0.014415910490737345,0.007471763304242765,0.04666416907444452,-0.006505766415350665,0.03521361464945588,0.020520635809566184,0.00708376771611844,-0.004695594377356144,0.08327388546270967,-0.06187575761984327,1.0,-0.0050094356649349955,0.2050804654312556,0.06357694409316832,-0.04679504684285298,0.08290463713089911,0.08863685617329137,0.004650514625193511,0.04757633735444796,-0.029278889060128845,0.12246233688322238
ca_cl,0.09206761575580921,0.12269978732716898,0.045954104633718434,-0.017953000910988667,-0.03770926806825601,0.08617438269252202,0.06805147330393442,-0.11881888790316579,0.017126375349086967,0.040066238065821,-0.16181148816116633,-0.2122841543094386,-0.13065925276975768,-0.04592531738978452,-0.00010807058427156565,0.033136951046546716,0.04437826557032279,-0.12753059654276022,-0.03654492751729308,0.21575730100438012,0.005558009365668034,0.020310807538657414,-0.07238249559346843,-0.003957181074023325,-0.011915412500384708,0.04253192249093267,0.15706386029487845,0.06301113775334574,-0.11604185329451668,-0.04259532281269187,-0.04999861912531226,0.13274532639931447,-0.010390429992893514,-0.07753825389345366,-0.09801786359721643,0.10208432208169142,0.08482856936647452,0.15084485727071564,-0.012426856391934303,0.02470542358565816,0.02638875141585086,-0.04826142252377848,0.027153881193087197,0.04177052843231639,0.2879613627541922,-0.11769005586859288,0.01263510842812954,0.18490156226388174,-0.007932128056654993,-0.028153024434817358,0.02410439302430103,-0.005012591116000311,0.017132658133146232,-0.03944134749466742,0.009417280005773377,0.31675539582808154,0.03470030090421162,-0.041084486664316126,0.14433989876062459,-0.47962730692692773,0.2267952290075397,0.019235646208023996,0.036551632671817554,0.08911752695846507,-0.04477551941869626,-0.0955199512458731,0.1572370486879511,0.17465773220136088,-0.018227456504938556,0.01714669754036112,0.19976605219622828,0.0048669772942940975,0.09692548983978586,0.3772622416295377,-0.023553081391908103,-0.11694377172420083,0.003497334715692615,0.00860697275139604,0.33738011508121946,-0.13376927769599467,0.11962365767092245,-0.09677576912178096,-0.019223671638278053,0.0041762343762862765,-0.0005204566689163474,0.10051807046810522,0.04205229654448701,0.00909554860788344,0.2901220779160016,-0.01812537786031583,0.449515832012454,-0.03509526405678478,-0.5358450400421653,-0.004078298621863311,0.130356314522885,0.04360914964143278,-0.18778887395002583,0.018379402883655138,-0.25713409994608005,0.06480621871869624,0.9670698571370148,-0.0050094356649349955,1.0,0.007439407280833182,-0.719991927482007,0.035664024845867365,-0.029485825373272743,0.16381804755715332,0.2571834645599832,-0.033104515971499084,0.061347692411213066,-0.018775217104294483
rec_gr1a,0.03103725704266641,0.03186069780775281,0.15924230908023107,0.00677673994988633,-0.017390960719489836,0.10589524620542323,-0.008978519094054309,-0.036008972988188045,0.022487397885897476,-0.1305709240569156,-0.08367622680114471,-0.029544579957780502,-0.032621091834378044,-0.11997534596483829,-0.024711171948602943,0.03928091775460985,0.09733358564934261,-0.018252245527558487,-0.0222635328406728,0.09318875060097219,0.014532023681047756,0.012136274431778537,0.013635076257057713,0.005984474916143983,-0.039318755936879085,0.07370968602250769,0.023893416157476182,0.0612329600928422,-0.03685130554736414,-0.01824087302221666,0.03903794576370174,0.0735118610345929,0.03998525848438531,-0.002975765252169765,-0.10610999266000062,0.033288289448616344,-0.0012894271031171885,0.2129834581201185,0.19345979328918295,0.012370669880968176,0.058683651330586895,-0.09829575607810692,0.037536913595887025,0.02369333238053612,-0.020520135783301717,-0.11440064594658084,0.011262399796472004,-0.002317964954438446,0.06522702915257825,-0.12625987194585792,-0.0371916498474577,0.021203877409157756,0.01639257053945381,0.011483939666852695,0.03699110705617817,0.12126865411299878,0.056210601482417244,0.010527815562857616,0.15874014571552322,-0.06763162890913862,0.1177101422998393,0.1255039851107146,0.042395270738611046,-0.18118890183575967,0.022201815717819928,0.01265952347470209,0.21605455404925128,0.3607074568856255,0.018907498085367146,0.07428931854464715,0.14434833789857793,0.21520188072638013,-0.19070144576126946,-0.17395363706552186,0.024427561618887723,-0.052640929459466676,0.33803243383661574,0.02480922730727257,0.2014678430188738,-0.04807815357437804,0.05673045627769462,-0.21118966056536903,0.013491803561214676,0.31682915394658445,0.14865498345949468,0.3715179659501886,0.027543124296167454,0.13719642717794006,0.2770907692375551,0.3068034890968296,-0.01174439333590198,0.10087383837029676,-0.04807913509136581,0.1214389447207499,-0.018930928548203566,0.0391690329436514,0.1193076794433342,0.010657105328784191,0.019806783206458296,0.08977141539998698,0.022076857189266084,0.2050804654312556,0.007439407280833182,1.0,0.028244020709362536,-0.08259071648845201,0.07338663644679211,0.11364107777899117,-0.019828038174080145,0.08319333726607518,-0.019018539790602997,0.07947982888667922
lev,0.02722813150750486,-0.17108435752797904,-0.0311654731151722,-0.006812563028102192,-0.12641424126879214,-0.1119146901100322,-0.050080219899301136,-0.02590608751373903,0.0018680150566263369,-0.02121485737209952,0.029796950430397248,0.27228878464386375,0.02232320450444951,0.12308485254839714,-0.00877436446007451,-0.027708397679992603,-0.056218728669515584,0.00728997982743701,0.03524872046881758,-0.03191731998500587,0.01050924747389361,-0.017041068994075145,-0.00013882636321771474,0.003547318578380755,0.04502695836444979,-0.040286444454164405,0.04173233571077007,-0.04481492016361647,-0.02354640034427533,0.02383947934882353,-0.008821011965118386,-0.12791325695622943,0.01927024816855367,0.009022938795033044,-0.0096032446396761,-0.020316595967718426,-0.01636638001777866,-0.1450094083435161,0.004000437015391226,-0.007940017374078373,-0.025589978960222783,0.16043974469731398,-0.023529028933459373,-0.020548387487926055,-0.16101619545618784,0.22229524879384904,-0.01289100168759739,-0.3003889531258097,0.005497456046836559,0.00739265962203094,0.03813763777872357,0.07548857282371906,-0.01544807675479193,-0.007752026556909238,0.009569983534587032,-0.4126335370912348,-0.03188652080480878,-0.008463464051786603,-0.2261716953853059,0.6773722810731727,-0.3249538457240857,0.002795338165110536,-0.020523378275667366,-0.11920005426752883,-0.0049730071126041575,-0.01683404526662907,-0.15848255758690483,-0.1457020191617711,-0.014108223301222673,-0.17863831194320823,-0.13085913845817426,0.0039803654206645505,-0.17752073972799481,-0.4216745380973961,-0.009371428310448697,-0.015759176580291055,0.007739031555818965,-0.13756450836214376,-0.4387119296453341,0.013778141836209281,0.011782168781494943,0.08278155120638499,-0.004469899865953045,-0.0014542841039407394,0.1497366248563789,0.018031576871661854,-0.024345227071717178,-0.02563887947932572,-0.2551634787230599,0.10181282025017792,-0.3061920442252271,0.035092863729433176,0.7025508763937465,-0.026344354237908228,-0.06095313098359058,0.04219510838486944,0.19477497891451157,-0.0031112514444649746,0.47073542237010696,-0.048865118859937266,-0.7035330387887682,0.06357694409316832,-0.719991927482007,0.028244020709362536,1.0,0.03497457962131738,-0.027528616497053498,-0.21088559654282757,-0.4708594431252284,-0.03802791966027375,-0.32339469334602483,0.0997922313228696
bm,-0.1700362358277431,-0.2148081537821041,-0.14495805057693267,-0.23004952169210865,-0.5316026955671438,-0.15377508636677756,-0.03223388619710641,0.018935694917196166,-0.08841602498625009,0.11047205753197399,-0.09802887885311387,0.3638915947842793,-0.06762291336349657,0.19346633154382817,-0.10797751975046085,-0.21553966544889874,-0.26302426078172914,-0.09485166203705431,-0.27914288086765,-0.005773796255223848,-0.26050423647228393,-0.08314695543019959,-0.4886956685992853,-0.012314820067722079,-0.04698989566054049,-0.2878813156706619,0.10290630255533796,-0.06594147720307411,0.03584636344415718,0.0034693870219970322,-0.5336914439760996,-0.18026088410546393,-0.03424262056249521,-0.30202482068457853,-0.07296543798361257,0.027105765473967283,0.1125207160929876,-0.16681356900400815,-0.0803926457830847,0.049504645810619044,-0.170400104327822,0.47950843990099584,-0.18571409983542217,0.05739483781269553,-0.06434697855156876,0.23939578212214999,-0.07256753861434892,-0.24667293194708928,-0.06180923812719774,0.0497507981872254,0.09537331824210266,0.09862778284336575,-0.10670468636938979,-0.3786128809763682,0.05426214903975902,-0.12545254493433117,-0.24535147005703287,-0.3921466810279695,-0.21949425103673947,0.3448316565981296,-0.12695468609412944,-0.04356756058586454,-0.2830922374447753,0.022365605952175852,-0.44823589865117014,-0.33754759377942095,-0.18843223975598236,-0.0653941746352104,-0.35260802701783023,-0.3224263573057424,0.2645323149270206,-0.1150279397211415,-0.06890591305113122,-0.022068674814778224,-0.34928716292767664,-0.4482046346671231,-0.13071222256687684,-0.607890192648278,-0.20466835269515926,-0.45273088264038885,0.4421971362504827,0.2273187296275458,-0.30529484583964706,-0.12032994654457423,-0.04467668096174155,-0.09518082704675936,0.06821839057637084,-0.13157200898341992,-0.08973036842508238,-0.06393379014418672,-0.052526113174935274,-0.037468452384691424,0.2622447071302409,-0.10812029732037298,0.3752721415813361,-0.050783297072525255,-0.050258467796014235,-0.005203287642829457,0.562837443212382,-0.05163749076961121,0.03095240540754658,-0.04679504684285298,0.035664024845867365,-0.08259071648845201,0.03497457962131738,1.0,-0.026598344909397446,-0.329753086270124,-0.5627904096680485,-0.9999995867391328,0.07698890485218479,0.0003625153408599316
capx_at,0.02346293602534545,-0.0409925203009178,0.017308534490893947,0.0009305271847372854,-0.010149962819177665,0.14963306382391595,0.41834142788131423,-0.033727360370216945,0.019443336409617026,-0.013754770214972754,-0.0843568524038845,-0.007247180162797319,-0.04818759575747792,-0.12435254921510047,0.006711879128109385,-0.00348388929629635,0.06397888578706148,-0.034149273748611327,-0.056926119001179165,0.0874519590630697,0.0009378925913226639,0.0019733351920559476,-0.010205038991582326,0.0005696098438738753,-0.012436129601278647,0.000764436446717877,0.02636866630026553,0.003535436887685037,-0.03237353876100218,-0.013446652562689426,-0.0032248017816240487,0.09252339888514984,0.0180041140480735,-0.019563213763915926,0.018221251495202394,0.044431542769041994,0.02714543901835415,0.10624576450356987,0.003242500817248059,0.019388701527720646,0.0037705201224170295,-0.09256852716655894,-0.002769122342445159,0.030829986272788067,0.04512490190370175,-0.18246741934399718,-0.0005446534999608931,0.12723128099126638,-0.027805831337467883,0.07097061317945944,-0.003946152995115648,-0.02490071307451256,-0.002180207309957126,-0.0002761080043723278,0.012001696460177246,0.09528748407670516,-0.002206763704445985,-0.0006887842028931631,0.10046410582169814,-0.08136576027286486,0.09502741162897457,-0.07596574264767791,0.0333535725350489,-0.36813503113345764,0.004477307802095286,-0.0006595818245652233,0.12026112343651567,-0.05116245419586273,0.006423926622331151,0.06686466573103972,0.0860538443401186,0.08410783433437233,0.15053997415257253,0.12843553975772243,0.009581621662540805,-0.04869017374902463,0.08505899895819162,-0.02597135165620132,0.12869478676699284,-0.06265241741831606,0.0499544044330415,0.08134801676579595,0.003914220574911455,0.08005649722368383,0.17746950700044783,0.1837274181142731,0.031083529157887015,-0.0015400749846818267,0.12993947923398552,0.17535485043701304,-0.035609274344806235,-0.005095089273860332,-0.054844420167521335,-0.00912596906161812,0.024660164833332054,-0.08570455082767513,-0.013599640526455242,0.00896269487360959,-0.04978621321448482,0.33471572982445225,-0.013893752358832282,0.08290463713089911,-0.029485825373272743,0.07338663644679211,-0.027528616497053498,-0.026598344909397446,1.0,0.11253332066002542,0.04985240175848192,0.02718513711078545,0.12792569866421882,0.16382173362319688
amihud_zero_adj_neutral,-0.2639471826894329,0.1662675634433086,0.09585453401310338,0.013847703344638685,0.19160444857660466,0.17970159145388961,0.07137647161042648,0.2550260352918083,0.03200193581986881,-0.02444541477968448,-0.13658564082894165,-0.1360388703840665,0.0890551055795321,-0.13582752585171842,-0.047068947170096714,0.036579270734969686,0.1585905742322605,0.125727547412277,-0.01382424301500473,0.027065565668968245,-0.2538638362369618,0.03350951501505439,0.03347373705678774,0.030841277599871226,-0.05561608586174257,0.08467591308602054,-0.05163728875166658,0.06478438418737985,0.3525619715251054,-0.006451667527563061,0.07354498603781795,0.20526516523886565,0.04456879326311607,-0.23841747919634282,0.09096817835089864,-0.0584843666122236,0.3132456631784432,0.23338418323783788,0.027785727554390467,0.02663539752728323,0.07927501543554351,-0.3921612376808279,0.030748524856787907,0.01607012509921482,0.087395778265028,-0.3418891152401366,-0.016421232074240115,0.28721206046209385,0.015527779951281281,-0.01637374918592605,-0.15833331452910787,0.06741117648090031,-0.0046124125148013576,0.03592639980310052,0.018655638052020574,0.2310371404802715,0.05837824576592579,0.013602752249381903,0.2393953347915634,-0.23361079347684224,0.2066209941153035,0.010353633081925202,-0.2918099449119677,-0.004921576217977286,0.034901642722585675,-0.2745570959346909,0.24219295825203094,0.12026923033143777,0.05305767098658034,0.7600764722814164,0.0697623219489001,0.10663000685535058,0.10973645285654428,0.12174960896159406,0.048931994350450786,0.06555836004270565,0.12098532758057375,0.18031758007035223,0.2999873904021385,0.036382037163927745,-0.06079850451041824,-0.06339721800190752,0.0292672749537233,0.10993878992644637,0.017377329447242938,0.16736769814875227,0.1392860298235685,0.0556350014908165,0.1727095130209503,0.11319845667193626,0.15239392930103504,-0.006060856448037221,-0.23044237934047995,0.027719418989006754,-0.07905216174442013,0.03263405768207092,0.03189650457029122,-0.027787741114514795,-0.27426238286461196,0.06083003397072315,0.16205742886049668,0.08863685617329137,0.16381804755715332,0.11364107777899117,-0.21088559654282757,-0.329753086270124,0.11253332066002542,1.0,0.2743045295213197,0.3301431764869375,-0.03617595252928818,0.016873221400635754
ps_ttm,0.04649432938874365,0.19508849330155043,0.02943185632738576,0.15837115390711112,0.5271609061089377,0.16973129030949813,0.035334868426741814,0.06349654790925685,0.045670272585513025,-0.1825413585999997,0.11342700683572769,-0.4540419017551657,0.060916824054748485,-0.2315339113073389,0.09762919650006052,0.11796791107723706,0.12603534145809003,0.09300895829322131,0.12379917605301018,-0.046494412227632724,0.1357009164315266,0.04930911141822387,0.34696301196096657,-0.0257522817255024,0.04621801979902282,0.15024534927825806,-0.16378267447260547,0.011546263654921918,0.04950230266855437,0.0007798399881807861,0.3571775491471974,0.04376545347957521,-0.16904764621841137,0.1945579251499635,0.06870402261871285,-0.02376100337503313,-0.07306316023720513,0.018061614179419646,0.07263674595827957,-0.06076936785425126,0.0807930310405444,-0.3774547100970651,0.09918734035982185,-0.03182225123725344,0.12503498555342032,-0.30131943311817766,0.04376629610988251,0.22258289344944143,0.038067942426754806,-0.045213020225365476,-0.08330564536695796,-0.10644025185670625,0.06127727416059944,0.2649690082877722,-0.08672970287201398,0.36707505444431293,0.12896886856805687,0.2761073117375083,-0.008995321694029775,-0.4920162649912636,0.36493743629774433,0.03982130014951179,0.18187700746064223,-0.057333687733681596,0.3111727088835672,0.26414867487442517,0.0596780004213086,0.11610528187835527,0.2367835351169605,0.31417161443453845,-0.2637270757961834,-0.001913018142909842,0.02309719786012973,0.12126071139501875,0.2419141405572053,0.425896347319191,0.0017200131344875446,0.6286403212139157,0.19574977332773857,0.3986571864012044,-0.42134613863144343,-0.24501255739648276,0.20461971448310695,-0.004580466307271985,-0.01788227902196398,-0.0009554570586488013,-0.04482559154807582,0.04610065101422783,0.07862663856168549,-0.005016865568835976,0.11370755407483825,-0.03694318578527719,-0.45359359744335775,0.05189842982411001,-0.2851790883216318,-0.025713176276042332,-0.5021185142900001,-0.002704526467262251,-0.9999976536932922,0.04370778805911688,0.24608012571314303,0.004650514625193511,0.2571834645599832,-0.019828038174080145,-0.4708594431252284,-0.5627904096680485,0.04985240175848192,0.2743045295213197,1.0,0.5612729992833885,0.17213045643561933,0.003282848274278517
pb,0.16972394807419575,0.2148762497175964,0.14504550568946706,0.22895089116091352,0.5311342353523728,0.15403978158638262,0.03275149496645918,-0.0199542489216496,0.08830448065552395,-0.10885198265388167,0.09649183291408704,-0.3634307151941141,0.06659426010268571,-0.19383256348758585,0.10834449212753858,0.21598710131603738,0.2635253440134566,0.09355710573163578,0.2813269168900048,0.007661315110596102,0.2592148152509244,0.08389149739397994,0.4855811330139547,0.01227572148225459,0.04667514659864552,0.2880063589139192,-0.10114029243743818,0.06754799804877372,-0.03719032716447368,-0.004213837188879134,0.5300300581679844,0.18039626980771786,0.03470623013803936,0.3003639385181492,0.07311871896025651,-0.026410512849983546,-0.11212831578178688,0.16676788561270162,0.08009819854137029,-0.04911350314450427,0.1703574186753471,-0.47931463523202134,0.18602790507621703,-0.057410256164589626,0.0647027022871255,-0.2404794538334497,0.07307544117330617,0.24749848811764816,0.061364097758607905,-0.0487340843503361,-0.09444075538323025,-0.09856409360338875,0.10726274192438054,0.3758706202291322,-0.052625264051355446,0.12695035667377755,0.2456043894594741,0.3897507837583714,0.2205884636187852,-0.34552419454524014,0.12837145088893895,0.04263476715087028,0.2819541632223483,-0.02194759835400354,0.4451948573651696,0.3357971682350196,0.1881795891363801,0.06690654742004219,0.35083339952716625,0.3219165034479497,-0.2601492904628683,0.11602159138983477,0.06955056127674286,0.02315528066197094,0.34748117921417543,0.4477425876602691,0.13168782050961997,0.6072547031952507,0.20648614860033035,0.4525060146979028,-0.4417262624917341,-0.2262773687130113,0.3033417086827533,0.12120904250106629,0.04368452774544114,0.09648438194663884,-0.06654044066226687,0.13144173086298616,0.09135987202945185,0.0644101841077903,0.05436512744669846,0.0378517065074434,-0.26344775422182215,0.10809461973779341,-0.3749866770120388,0.051082659082381916,0.05088059841779518,0.005580025569741096,-0.56129715247975,0.05203305568863361,-0.02855639768319693,0.04757633735444796,-0.033104515971499084,0.08319333726607518,-0.03802791966027375,-0.9999995867391328,0.02718513711078545,0.3301431764869375,0.5612729992833885,1.0,-0.07478809373146122,0.00019685130463597164
noa_at,-0.026632038400221707,-0.037705960771953255,-0.04226225915609172,0.002494142132137366,0.06054993384660057,0.00238399865203283,-0.015535944323847922,0.025325564813690762,-0.01427264780211607,-0.01943718324052297,0.052044666466757095,-0.1345573319073708,0.042773628850612894,0.06666779432318924,0.007537553223630325,-0.0017788482390966882,0.0017247403441387659,0.05096841640704547,0.007644804125254887,-0.04834902979908493,-0.019432937564348874,0.0024935245781595155,0.012845464415379013,0.0013673860355554676,2.159327267392963e-05,-0.007138219220287288,0.0042464798190202475,-0.011154606211001424,0.01813255034251253,0.008853531369632428,-0.02082429614186286,-0.03643552680681292,-0.07066837209126615,-0.005163501889132784,-0.05820106611697827,-0.0372968669793158,-0.0049068040142136666,-0.10743145778223089,-0.008156833880288886,-0.005885209174713492,-0.006897579510235298,0.0026759334806828877,-0.002920405374240521,-0.012052402499346472,0.05599634950017912,0.02168166380005151,0.0016880042032736348,-0.02698844348060385,-0.010352853797946548,-0.03852148642104609,-0.01604778469451063,0.009213759323725276,0.0003199344524760362,0.0025482648281738136,-0.03526249096166784,0.053825398809329766,-0.005384995725428934,0.003694461513521853,-0.06789575325690124,-0.1804852622358384,0.08942744107180021,0.03804619335305239,-0.032314789375538604,-0.12669886729558977,0.005200024587479927,-0.00558322115756182,-0.09631839256039162,0.08933133735863671,-0.0009544203876615265,-0.027155051392786865,-0.05885408112266257,-0.02552454370969842,-0.08447953113502644,-0.006879348095202564,0.007272170811114904,0.08799724130531043,-0.031515954131215135,0.10523886390705817,-0.005460743884534398,0.0841996619098246,-0.08838626645325434,-0.07958884078024271,-0.0018747508274480078,-0.024725578927682464,0.01636281168993038,-0.10668566624277963,0.011218075023569009,-0.03658018983816297,-0.031346701565674026,-0.06441766280330416,-0.5783957611306366,-0.0026820310139649742,-0.04777322810822826,-0.02841634482128073,-0.06483403234002474,-0.2621903802240112,-0.1909017376511466,-0.004091879668567454,-0.1720498132524192,-0.03785748585446222,0.02173634886774011,-0.029278889060128845,0.061347692411213066,-0.019018539790602997,-0.32339469334602483,0.07698890485218479,0.12792569866421882,-0.03617595252928818,0.17213045643561933,-0.07478809373146122,1.0,0.06065031588689018
debtlt_gr1a,-0.025250722730606537,-0.040984005714945454,-0.006896092774777176,0.0048408585973320276,-0.007329616874925454,0.028468649601163607,0.10476268715360468,0.025568588156625358,-0.0027552644599199796,-0.22361682648451117,0.003928412561168886,0.022075049136086388,0.0076116932349282245,-0.06692285145415888,0.0053344112026411025,-0.013846827456474699,0.02598329971724235,0.012098049209765585,-0.024496002572540122,-0.016523383191736282,-0.009853097295790102,-0.005106972649240279,0.007316766067642881,-0.006963826832210806,-0.005953959653293517,-0.01673619769467354,-0.04577463045411789,-0.01693791942217472,0.02665250867299709,0.005256300305487287,0.007176439344393198,-0.02890742186209725,-0.02383791261234743,0.006292646872275618,0.01593313167202112,-0.007226509526980076,-0.01298510399845407,0.033830200659088414,0.029814124839947324,-0.004215318605052643,-0.009085521914132793,-0.024596419783515136,-0.012614139314437727,0.009109887965874983,-0.03175368759650488,-0.05846765926706017,-0.006148295884536624,-0.053851895797982975,-0.00579294487849964,-0.04644365259282875,-0.002568306854701967,0.0029285786018085048,-0.008321625752715884,0.003083358089002193,0.020257814447959103,0.02332853253888152,-0.015231496568333168,0.00436942653443518,-0.049194670678882,0.09129723532878013,0.027043646940169298,0.05207765671197585,-0.002102900689206026,-0.2303043511788415,0.0052436830267114844,0.022826335689696532,0.032962470670066996,0.10497743787574638,-0.0007728070216007244,0.043114117747514565,0.0031186515510571804,0.05361777923691018,-0.11603503295609773,-0.11074187554228669,0.0016278698068557074,0.00978857859938691,0.06330125333441254,0.04963733571843287,-0.02170609990696682,0.0018405041209729456,-0.009606452791554006,-0.09109475362575838,-0.001271922997118978,0.04443196831240741,0.07963724280659353,0.20113087643824748,0.0020294264908050515,-0.008370663714965997,-0.000938284139845774,0.2508962589721117,-0.018088049916836144,0.005516813761123335,0.08843151371866977,0.010122054387031142,-0.015319985325809029,0.040639611147709635,-0.04098600668403634,-0.0023615783658744944,-0.003276330675181865,0.07997361700573627,-0.028227077146804568,0.12246233688322238,-0.018775217104294483,0.07947982888667922,0.0997922313228696,0.0003625153408599316,0.16382173362319688,0.016873221400635754,0.003282848274278517,0.00019685130463597164,0.06065031588689018,1.0
